rsid	pos	tagging_covvar_EUR	ag_model_snp_plus_covvar_rs127_SORT1	eqtl_liver_SORT1	gene	model_regime	pearson_r	spearman_rho	ag_model_snp_plus_covvar_rs127_PSRC1	eqtl_liver_PSRC1	ag_model_snp_plus_covvar_rs127_CELSR2	eqtl_liver_CELSR2
rs4970829	109214673	0.6738505747	0.03441954379	0.60625	SORT1	ALL_FOLDS	0.8706565385891487	0.8401219144185688				
rs61799425	109217933	0.6738505747	0.03322385156	0.60625	SORT1	ALL_FOLDS	0.8706565385891487	0.8401219144185688				
rs61799427	109221636	0.2457245725	0.01212501264	-0.0098029	SORT1	ALL_FOLDS	0.8706565385891487	0.8401219144185688				
rs7547246	109225539	0.2368109945	0.01191959741	-0.0375166	SORT1	ALL_FOLDS	0.8706565385891487	0.8401219144185688				
rs683182	109228441	0.2257369353	0.009916833794	-0.0648972	SORT1	ALL_FOLDS	0.8706565385891487	0.8401219144185688				
rs35271870	109233663	0.73416657	0.03626835428	0.986582	SORT1	ALL_FOLDS	0.8706565385891487	0.8401219144185688				
rs4268379	109235615	0.2312757202	0.01067782752	0.242735	SORT1	ALL_FOLDS	0.8706565385891487	0.8401219144185688				
rs658092	109235955	0.2296445766	0.01199867168	-0.0502667	SORT1	ALL_FOLDS	0.8706565385891487	0.8401219144185688				
rs603643	109239287	0.09780213175	0.004852067	0.315279	SORT1	ALL_FOLDS	0.8706565385891487	0.8401219144185688				
rs611945	109239381	0.09780213175	0.005911959354	0.315279	SORT1	ALL_FOLDS	0.8706565385891487	0.8401219144185688				
rs611905	109239415	0.09780213175	0.005826211243	0.315279	SORT1	ALL_FOLDS	0.8706565385891487	0.8401219144185688				
rs611060	109239568	0.268382714	0.01474675846	0.21757	SORT1	ALL_FOLDS	0.8706565385891487	0.8401219144185688				
rs1277921	109239640	0.09651240074	0.005971644806	0.315279	SORT1	ALL_FOLDS	0.8706565385891487	0.8401219144185688				
rs11102964	109240639	0.3570672529	0.01842966984	0.150925	SORT1	ALL_FOLDS	0.8706565385891487	0.8401219144185688				
rs579947	109241026	0.2737463479	0.01456758431	0.304502	SORT1	ALL_FOLDS	0.8706565385891487	0.8401219144185688				
rs34293021	109241404	0.280041623	0.01353046094	0.304502	SORT1	ALL_FOLDS	0.8706565385891487	0.8401219144185688				
rs688386	109241841	0.280041623	0.01462597848	0.328226	SORT1	ALL_FOLDS	0.8706565385891487	0.8401219144185688				
rs586254	109242159	0.280041623	0.01458716445	0.328226	SORT1	ALL_FOLDS	0.8706565385891487	0.8401219144185688				
rs11102965	109242316	0.280041623	0.01294122836	0.304502	SORT1	ALL_FOLDS	0.8706565385891487	0.8401219144185688				
rs17035415	109244871	0.2349875931	0.0118989346	-0.0318018	SORT1	ALL_FOLDS	0.8706565385891487	0.8401219144185688				
rs10776804	109245831	0.2370095944	0.00945358616	0.256279	SORT1	ALL_FOLDS	0.8706565385891487	0.8401219144185688				
rs585362	109247173	0.48269132	0.02410260379	0.598467	SORT1	ALL_FOLDS	0.8706565385891487	0.8401219144185688				
rs74113799	109247664	0.595689682	0.03034255882	0.285071	SORT1	ALL_FOLDS	0.8706565385891487	0.8401219144185688				
rs434524	109248934	0.6027596224	0.02870202508	0.254846	SORT1	ALL_FOLDS	0.8706565385891487	0.8401219144185688				
rs454107	109251630	0.595689682	0.02797178904	0.254846	SORT1	ALL_FOLDS	0.8706565385891487	0.8401219144185688				
rs413380	109252404	0.595689682	0.0279359831	0.254846	SORT1	ALL_FOLDS	0.8706565385891487	0.8401219144185688				
rs437444	109252986	0.6027596224	0.02864513749	0.292928	SORT1	ALL_FOLDS	0.8706565385891487	0.8401219144185688				
rs6693893	109255141	0.639076063	0.03321114504	0.548289	SORT1	ALL_FOLDS	0.8706565385891487	0.8401219144185688				
rs10858082	109256099	0.3908367773	0.01855323037	0.503643	SORT1	ALL_FOLDS	0.8706565385891487	0.8401219144185688				
rs12746961	109257699	0.8254791495	0.03965376285	0.988357	SORT1	ALL_FOLDS	0.8706565385891487	0.8401219144185688				
rs655334	109258005	0.2254178748	0.01076547639	0.346305	SORT1	ALL_FOLDS	0.8706565385891487	0.8401219144185688				
rs4970833	109262024	0.3301094023	0.01484820118	0.395767	SORT1	ALL_FOLDS	0.8706565385891487	0.8401219144185688				
rs66795935	109262261	0.812831565	0.03999738424	0.882187	SORT1	ALL_FOLDS	0.8706565385891487	0.8401219144185688				
rs1337248	109263820	0.3637555174	0.0188223061	0.48508	SORT1	ALL_FOLDS	0.8706565385891487	0.8401219144185688				
rs6698843	109264212	0.3316612781	0.01430027873	0.40392	SORT1	ALL_FOLDS	0.8706565385891487	0.8401219144185688				
rs6689614	109264477	0.3316612781	0.0162495049	0.40392	SORT1	ALL_FOLDS	0.8706565385891487	0.8401219144185688				
rs6657811	109264661	0.8166946309	0.04006249807	0.825237	SORT1	ALL_FOLDS	0.8706565385891487	0.8401219144185688				
rs608196	109265495	0.2243531535	0.01167757383	0.379145	SORT1	ALL_FOLDS	0.8706565385891487	0.8401219144185688				
rs72703203	109267578	0.8175257732	0.04074915985	0.739361	SORT1	ALL_FOLDS	0.8706565385891487	0.8401219144185688				
rs72703204	109267579	0.8175257732	0.04080342856	0.739361	SORT1	ALL_FOLDS	0.8706565385891487	0.8401219144185688				
rs2281894	109267922	0.1719440353	0.01008971637	0.0787542	SORT1	ALL_FOLDS	0.8706565385891487	0.8401219144185688				
rs17035630	109268359	0.2401352875	0.01161061672	0.205054	SORT1	ALL_FOLDS	0.8706565385891487	0.8401219144185688				
rs3895559	109270398	0.3347930062	0.01735089307	0.40195	SORT1	ALL_FOLDS	0.8706565385891487	0.8401219144185688				
rs41279714	109270863	0.6999125669	0.03455008391	0.61351	SORT1	ALL_FOLDS	0.8706565385891487	0.8401219144185688				
rs41279716	109270888	0.3338709677	0.01832794304	0.509574	SORT1	ALL_FOLDS	0.8706565385891487	0.8401219144185688				
rs17035665	109271097	0.3461467259	0.01800246682	0.47108	SORT1	ALL_FOLDS	0.8706565385891487	0.8401219144185688				
rs4970834	109272258	0.810607693	0.04069716584	0.900349	SORT1	ALL_FOLDS	0.8706565385891487	0.8401219144185688				
rs79868705	109272452	0.8175257732	0.0404035743	0.774925	SORT1	ALL_FOLDS	0.8706565385891487	0.8401219144185688				
rs79482788	109272511	0.8175257732	0.03994039413	0.807285	SORT1	ALL_FOLDS	0.8706565385891487	0.8401219144185688				
rs611917	109272630	0.6114855397	0.03057503665	0.856454	SORT1	ALL_FOLDS	0.8706565385891487	0.8401219144185688				
rs6670347	109272746	0.8175257732	0.04142032981	0.807285	SORT1	ALL_FOLDS	0.8706565385891487	0.8401219144185688				
rs6667814	109273124	0.8175257732	0.04107305584	0.807285	SORT1	ALL_FOLDS	0.8706565385891487	0.8401219144185688				
rs7528419	109274570	0.9953271028	0.04957789962	1.12063	SORT1	ALL_FOLDS	0.8706565385891487	0.8401219144185688				
rs11102967	109274623	0.6320474777	0.03049611748	0.744498	SORT1	ALL_FOLDS	0.8706565385891487	0.8401219144185688				
rs12740374	109274968	1.0	0.04881983437	1.13398	SORT1	ALL_FOLDS	0.8706565385891487	0.8401219144185688				
rs660240	109275216	0.977630273	0.04715796997	1.0757	SORT1	ALL_FOLDS	0.8706565385891487	0.8401219144185688				
rs77579579	109275506	0.8175257732	0.04010530497	0.744479	SORT1	ALL_FOLDS	0.8706565385891487	0.8401219144185688				
rs658435	109275648	0.2390572391	0.01142850232	0.391163	SORT1	ALL_FOLDS	0.8706565385891487	0.8401219144185688				
rs629301	109275684	0.9953271028	0.04994591345	1.07956	SORT1	ALL_FOLDS	0.8706565385891487	0.8401219144185688				
rs646776	109275908	0.9953271028	0.04815688974	1.07726	SORT1	ALL_FOLDS	0.8706565385891487	0.8401219144185688				
rs55882046	109277359	0.8373648407	0.04048559252	1.07591	SORT1	ALL_FOLDS	0.8706565385891487	0.8401219144185688				
rs6677122	109277488	0.7645171814	0.03693495792	0.659633	SORT1	ALL_FOLDS	0.8706565385891487	0.8401219144185688				
rs11577931	109278262	0.8229573935	0.04136008277	1.11855	SORT1	ALL_FOLDS	0.8706565385891487	0.8401219144185688				
rs17035949	109278297	0.7167701863	0.03581211364	0.520238	SORT1	ALL_FOLDS	0.8706565385891487	0.8401219144185688				
rs583104	109278685	0.9451497991	0.04577064287	0.949367	SORT1	ALL_FOLDS	0.8706565385891487	0.8401219144185688				
rs602633	109278889	0.934587238	0.04530789364	0.976061	SORT1	ALL_FOLDS	0.8706565385891487	0.8401219144185688				
rs1277930	109279521	0.9493955065	0.04536491635	0.951057	SORT1	ALL_FOLDS	0.8706565385891487	0.8401219144185688				
rs599839	109279544	0.9493955065	0.04682263541	0.949367	SORT1	ALL_FOLDS	0.8706565385891487	0.8401219144185688				
rs10410	109279782	0.2385218365	0.01114805587	0.365504	SORT1	ALL_FOLDS	0.8706565385891487	0.8401219144185688				
rs14000	109279887	0.2393258427	0.00963722287	0.354418	SORT1	ALL_FOLDS	0.8706565385891487	0.8401219144185688				
rs72703210	109281340	0.595689682	0.02860667653	0.790338	SORT1	ALL_FOLDS	0.8706565385891487	0.8401219144185688				
rs35358959	109281628	0.7301931619	0.03786677516	0.449371	SORT1	ALL_FOLDS	0.8706565385891487	0.8401219144185688				
rs657420	109283514	0.2986842993	0.007946930053	0.349685	SORT1	ALL_FOLDS	0.8706565385891487	0.8401219144185688				
rs672569	109284631	0.6240625572	0.03079686493	0.300431	SORT1	ALL_FOLDS	0.8706565385891487	0.8401219144185688				
rs115967373	109288603	0.7172038013	0.0359684954	0.446706	SORT1	ALL_FOLDS	0.8706565385891487	0.8401219144185688				
rs655246	109289661	0.2662243376	0.01160000866	0.318681	SORT1	ALL_FOLDS	0.8706565385891487	0.8401219144185688				
rs17584208	109290565	0.7096029363	0.03446123792	0.401133	SORT1	ALL_FOLDS	0.8706565385891487	0.8401219144185688				
rs17645031	109292316	0.7096029363	0.03407844889	0.401133	SORT1	ALL_FOLDS	0.8706565385891487	0.8401219144185688				
rs41306199	109292541	0.7043409392	0.03462955265	0.341888	SORT1	ALL_FOLDS	0.8706565385891487	0.8401219144185688				
rs590502	109292765	0.2290534245	0.01061862799	0.257506	SORT1	ALL_FOLDS	0.8706565385891487	0.8401219144185688				
rs57607242	109294801	0.430168927	0.02217091584	0.447331	SORT1	ALL_FOLDS	0.8706565385891487	0.8401219144185688				
rs35267391	109295593	0.7269585253	0.03706989181	1.04217	SORT1	ALL_FOLDS	0.8706565385891487	0.8401219144185688				
rs12127701	109295642	0.4573182992	0.02447167382	0.632495	SORT1	ALL_FOLDS	0.8706565385891487	0.8401219144185688				
rs629001	109296296	0.4451284797	0.02159325158	0.437677	SORT1	ALL_FOLDS	0.8706565385891487	0.8401219144185688				
rs7515901	109297274	0.2565528972	0.01212022628	0.322793	SORT1	ALL_FOLDS	0.8706565385891487	0.8401219144185688				
rs76186504	109297547	0.7594235033	0.03827623511	0.693083	SORT1	ALL_FOLDS	0.8706565385891487	0.8401219144185688				
rs600806	109298007	0.1920303435	0.008789497523	0.100619	SORT1	ALL_FOLDS	0.8706565385891487	0.8401219144185688				
rs680434	109299649	0.1635496795	0.006211150764	0.0793784	SORT1	ALL_FOLDS	0.8706565385891487	0.8401219144185688				
rs652651	109301910	0.1682789433	0.006493869356	0.103608	SORT1	ALL_FOLDS	0.8706565385891487	0.8401219144185688				
rs1278286	109302478	0.170482866	0.008747207184	0.0851976	SORT1	ALL_FOLDS	0.8706565385891487	0.8401219144185688				
rs638542	109302630	0.1655157072	0.00819606364	0.103608	SORT1	ALL_FOLDS	0.8706565385891487	0.8401219144185688				
rs407102	109303656	0.159847706	0.00707691212	0.0365847	SORT1	ALL_FOLDS	0.8706565385891487	0.8401219144185688				
rs592107	109306104	0.1703806871	0.00936014569	0.0597984	SORT1	ALL_FOLDS	0.8706565385891487	0.8401219144185688				
rs443345	109306632	0.1690000145	0.007786883217	0.0914934	SORT1	ALL_FOLDS	0.8706565385891487	0.8401219144185688				
rs413582	109308504	0.2408855557	0.01231303812	0.338925	SORT1	ALL_FOLDS	0.8706565385891487	0.8401219144185688				
rs444387	109308505	0.1690000145	0.006851368139	0.0914934	SORT1	ALL_FOLDS	0.8706565385891487	0.8401219144185688				
rs464218	109313684	0.1350362642	0.006600450984	0.168833	SORT1	ALL_FOLDS	0.8706565385891487	0.8401219144185688				
rs370088	109315497	0.1703806871	0.006908143085	0.0630688	SORT1	ALL_FOLDS	0.8706565385891487	0.8401219144185688				
rs116149872	109318458	0.6764316838	0.03426378643	0.365243	SORT1	ALL_FOLDS	0.8706565385891487	0.8401219144185688				
rs3853500	109321647	0.1690000145	0.008007520365	0.0914934	SORT1	ALL_FOLDS	0.8706565385891487	0.8401219144185688				
rs3853501	109321752	0.1690000145	0.008564780099	0.0914934	SORT1	ALL_FOLDS	0.8706565385891487	0.8401219144185688				
rs3768497	109323608	0.1703806871	0.007933186124	0.0597984	SORT1	ALL_FOLDS	0.8706565385891487	0.8401219144185688				
rs3768496	109323947	0.1703806871	0.007755537274	0.0597984	SORT1	ALL_FOLDS	0.8706565385891487	0.8401219144185688				
rs6695482	109328237	0.1641451067	0.007371858927	0.0914934	SORT1	ALL_FOLDS	0.8706565385891487	0.8401219144185688				
rs10745352	109329165	0.1641451067	0.007510398515	0.0914934	SORT1	ALL_FOLDS	0.8706565385891487	0.8401219144185688				
rs10745353	109334884	0.1655157072	0.007425323273	0.0725843	SORT1	ALL_FOLDS	0.8706565385891487	0.8401219144185688				
rs4603158	109336927	0.1641451067	0.006446971714	0.0914934	SORT1	ALL_FOLDS	0.8706565385891487	0.8401219144185688				
rs10858084	109339628	0.1641451067	0.007364251807	0.0914934	SORT1	ALL_FOLDS	0.8706565385891487	0.8401219144185688				
rs4970829	109214673	0.6738505747			PSRC1	ALL_FOLDS	0.9140690125958388	0.8919717035684877	0.4067527315	0.890172		
rs61799425	109217933	0.6738505747			PSRC1	ALL_FOLDS	0.9140690125958388	0.8919717035684877	0.4087204398	0.890172		
rs61799427	109221636	0.2457245725			PSRC1	ALL_FOLDS	0.9140690125958388	0.8919717035684877	0.1503438515	0.0741489		
rs7547246	109225539	0.2368109945			PSRC1	ALL_FOLDS	0.9140690125958388	0.8919717035684877	0.1411143753	0.0412566		
rs683182	109228441	0.2257369353			PSRC1	ALL_FOLDS	0.9140690125958388	0.8919717035684877	0.13794066	-0.0119255		
rs35271870	109233663	0.73416657			PSRC1	ALL_FOLDS	0.9140690125958388	0.8919717035684877	0.4458147979	0.818305		
rs4268379	109235615	0.2312757202			PSRC1	ALL_FOLDS	0.9140690125958388	0.8919717035684877	0.1432744927	0.255766		
rs658092	109235955	0.2296445766			PSRC1	ALL_FOLDS	0.9140690125958388	0.8919717035684877	0.1370484323	-0.0104003		
rs603643	109239287	0.09780213175			PSRC1	ALL_FOLDS	0.9140690125958388	0.8919717035684877	0.05856246264	0.283292		
rs611945	109239381	0.09780213175			PSRC1	ALL_FOLDS	0.9140690125958388	0.8919717035684877	0.06131222358	0.283292		
rs611905	109239415	0.09780213175			PSRC1	ALL_FOLDS	0.9140690125958388	0.8919717035684877	0.05737366787	0.283292		
rs611060	109239568	0.268382714			PSRC1	ALL_FOLDS	0.9140690125958388	0.8919717035684877	0.1594879283	0.171663		
rs1277921	109239640	0.09651240074			PSRC1	ALL_FOLDS	0.9140690125958388	0.8919717035684877	0.05694884279	0.283292		
rs11102964	109240639	0.3570672529			PSRC1	ALL_FOLDS	0.9140690125958388	0.8919717035684877	0.2176060892	0.324445		
rs579947	109241026	0.2737463479			PSRC1	ALL_FOLDS	0.9140690125958388	0.8919717035684877	0.1635024886	0.372351		
rs34293021	109241404	0.280041623			PSRC1	ALL_FOLDS	0.9140690125958388	0.8919717035684877	0.1698291687	0.372351		
rs688386	109241841	0.280041623			PSRC1	ALL_FOLDS	0.9140690125958388	0.8919717035684877	0.169739563	0.398333		
rs586254	109242159	0.280041623			PSRC1	ALL_FOLDS	0.9140690125958388	0.8919717035684877	0.168645937	0.398333		
rs11102965	109242316	0.280041623			PSRC1	ALL_FOLDS	0.9140690125958388	0.8919717035684877	0.1711970556	0.372351		
rs17035415	109244871	0.2349875931			PSRC1	ALL_FOLDS	0.9140690125958388	0.8919717035684877	0.141209192	0.00637674		
rs10776804	109245831	0.2370095944			PSRC1	ALL_FOLDS	0.9140690125958388	0.8919717035684877	0.143381674	0.253134		
rs585362	109247173	0.48269132			PSRC1	ALL_FOLDS	0.9140690125958388	0.8919717035684877	0.2943007868	0.674457		
rs74113799	109247664	0.595689682			PSRC1	ALL_FOLDS	0.9140690125958388	0.8919717035684877	0.3609677083	0.399831		
rs434524	109248934	0.6027596224			PSRC1	ALL_FOLDS	0.9140690125958388	0.8919717035684877	0.3665305519	0.403449		
rs454107	109251630	0.595689682			PSRC1	ALL_FOLDS	0.9140690125958388	0.8919717035684877	0.360425306	0.403449		
rs413380	109252404	0.595689682			PSRC1	ALL_FOLDS	0.9140690125958388	0.8919717035684877	0.3613263693	0.403449		
rs437444	109252986	0.6027596224			PSRC1	ALL_FOLDS	0.9140690125958388	0.8919717035684877	0.3644728803	0.471195		
rs6693893	109255141	0.639076063			PSRC1	ALL_FOLDS	0.9140690125958388	0.8919717035684877	0.393204594	0.700992		
rs10858082	109256099	0.3908367773			PSRC1	ALL_FOLDS	0.9140690125958388	0.8919717035684877	0.2353660644	0.539285		
rs12746961	109257699	0.8254791495			PSRC1	ALL_FOLDS	0.9140690125958388	0.8919717035684877	0.493008399	0.848278		
rs655334	109258005	0.2254178748			PSRC1	ALL_FOLDS	0.9140690125958388	0.8919717035684877	0.1343690823	0.407626		
rs4970833	109262024	0.3301094023			PSRC1	ALL_FOLDS	0.9140690125958388	0.8919717035684877	0.2024156326	0.416846		
rs66795935	109262261	0.812831565			PSRC1	ALL_FOLDS	0.9140690125958388	0.8919717035684877	0.4913974752	0.775967		
rs1337248	109263820	0.3637555174			PSRC1	ALL_FOLDS	0.9140690125958388	0.8919717035684877	0.2227640335	0.533068		
rs6698843	109264212	0.3316612781			PSRC1	ALL_FOLDS	0.9140690125958388	0.8919717035684877	0.2029350507	0.432136		
rs6689614	109264477	0.3316612781			PSRC1	ALL_FOLDS	0.9140690125958388	0.8919717035684877	0.2020049401	0.432136		
rs6657811	109264661	0.8166946309			PSRC1	ALL_FOLDS	0.9140690125958388	0.8919717035684877	0.4948247809	0.828269		
rs608196	109265495	0.2243531535			PSRC1	ALL_FOLDS	0.9140690125958388	0.8919717035684877	0.1336517718	0.453983		
rs72703203	109267578	0.8175257732			PSRC1	ALL_FOLDS	0.9140690125958388	0.8919717035684877	0.4937022241	0.530968		
rs72703204	109267579	0.8175257732			PSRC1	ALL_FOLDS	0.9140690125958388	0.8919717035684877	0.4920460097	0.530968		
rs2281894	109267922	0.1719440353			PSRC1	ALL_FOLDS	0.9140690125958388	0.8919717035684877	0.1026705716	0.125549		
rs17035630	109268359	0.2401352875			PSRC1	ALL_FOLDS	0.9140690125958388	0.8919717035684877	0.1467045969	0.194444		
rs3895559	109270398	0.3347930062			PSRC1	ALL_FOLDS	0.9140690125958388	0.8919717035684877	0.2050059122	0.440744		
rs41279714	109270863	0.6999125669			PSRC1	ALL_FOLDS	0.9140690125958388	0.8919717035684877	0.4196952652	0.736045		
rs41279716	109270888	0.3338709677			PSRC1	ALL_FOLDS	0.9140690125958388	0.8919717035684877	0.1985304136	0.416124		
rs17035665	109271097	0.3461467259			PSRC1	ALL_FOLDS	0.9140690125958388	0.8919717035684877	0.2091010788	0.415891		
rs4970834	109272258	0.810607693			PSRC1	ALL_FOLDS	0.9140690125958388	0.8919717035684877	0.4907680296	0.854303		
rs79868705	109272452	0.8175257732			PSRC1	ALL_FOLDS	0.9140690125958388	0.8919717035684877	0.4936120224	0.92826		
rs79482788	109272511	0.8175257732			PSRC1	ALL_FOLDS	0.9140690125958388	0.8919717035684877	0.4918538841	0.92588		
rs611917	109272630	0.6114855397			PSRC1	ALL_FOLDS	0.9140690125958388	0.8919717035684877	0.3685016145	0.822327		
rs6670347	109272746	0.8175257732			PSRC1	ALL_FOLDS	0.9140690125958388	0.8919717035684877	0.4932672692	0.92588		
rs6667814	109273124	0.8175257732			PSRC1	ALL_FOLDS	0.9140690125958388	0.8919717035684877	0.4954278183	0.92588		
rs7528419	109274570	0.9953271028			PSRC1	ALL_FOLDS	0.9140690125958388	0.8919717035684877	0.6004597116	1.14134		
rs11102967	109274623	0.6320474777			PSRC1	ALL_FOLDS	0.9140690125958388	0.8919717035684877	0.3851100778	0.75857		
rs12740374	109274968	1.0			PSRC1	ALL_FOLDS	0.9140690125958388	0.8919717035684877	0.604738156	1.16657		
rs660240	109275216	0.977630273			PSRC1	ALL_FOLDS	0.9140690125958388	0.8919717035684877	0.5941092203	1.07594		
rs77579579	109275506	0.8175257732			PSRC1	ALL_FOLDS	0.9140690125958388	0.8919717035684877	0.4937747828	0.931358		
rs658435	109275648	0.2390572391			PSRC1	ALL_FOLDS	0.9140690125958388	0.8919717035684877	0.1442920181	0.45836		
rs629301	109275684	0.9953271028			PSRC1	ALL_FOLDS	0.9140690125958388	0.8919717035684877	0.5942981808	1.09947		
rs646776	109275908	0.9953271028			PSRC1	ALL_FOLDS	0.9140690125958388	0.8919717035684877	0.6065196761	1.10051		
rs55882046	109277359	0.8373648407			PSRC1	ALL_FOLDS	0.9140690125958388	0.8919717035684877	0.5018144358	0.975893		
rs6677122	109277488	0.7645171814			PSRC1	ALL_FOLDS	0.9140690125958388	0.8919717035684877	0.4496673593	0.836461		
rs11577931	109278262	0.8229573935			PSRC1	ALL_FOLDS	0.9140690125958388	0.8919717035684877	0.4964619742	0.966598		
rs17035949	109278297	0.7167701863			PSRC1	ALL_FOLDS	0.9140690125958388	0.8919717035684877	0.4351091307	0.656304		
rs583104	109278685	0.9451497991			PSRC1	ALL_FOLDS	0.9140690125958388	0.8919717035684877	0.5728801244	0.996361		
rs602633	109278889	0.934587238			PSRC1	ALL_FOLDS	0.9140690125958388	0.8919717035684877	0.5664220482	1.00913		
rs1277930	109279521	0.9493955065			PSRC1	ALL_FOLDS	0.9140690125958388	0.8919717035684877	0.5666607092	1.00419		
rs599839	109279544	0.9493955065			PSRC1	ALL_FOLDS	0.9140690125958388	0.8919717035684877	0.5939853062	0.996361		
rs10410	109279782	0.2385218365			PSRC1	ALL_FOLDS	0.9140690125958388	0.8919717035684877	0.1341240956	0.522368		
rs14000	109279887	0.2393258427			PSRC1	ALL_FOLDS	0.9140690125958388	0.8919717035684877	0.157716407	0.505755		
rs72703210	109281340	0.595689682			PSRC1	ALL_FOLDS	0.9140690125958388	0.8919717035684877	0.3694864439	0.646157		
rs35358959	109281628	0.7301931619			PSRC1	ALL_FOLDS	0.9140690125958388	0.8919717035684877	0.4336660504	0.727559		
rs657420	109283514	0.2986842993			PSRC1	ALL_FOLDS	0.9140690125958388	0.8919717035684877	0.1894621412	0.383935		
rs672569	109284631	0.6240625572			PSRC1	ALL_FOLDS	0.9140690125958388	0.8919717035684877	0.3773781084	0.400397		
rs115967373	109288603	0.7172038013			PSRC1	ALL_FOLDS	0.9140690125958388	0.8919717035684877	0.4311386297	0.708116		
rs655246	109289661	0.2662243376			PSRC1	ALL_FOLDS	0.9140690125958388	0.8919717035684877	0.1630763363	0.348999		
rs17584208	109290565	0.7096029363			PSRC1	ALL_FOLDS	0.9140690125958388	0.8919717035684877	0.4262192779	0.615011		
rs17645031	109292316	0.7096029363			PSRC1	ALL_FOLDS	0.9140690125958388	0.8919717035684877	0.4268258942	0.615011		
rs41306199	109292541	0.7043409392			PSRC1	ALL_FOLDS	0.9140690125958388	0.8919717035684877	0.4263440132	0.58648		
rs590502	109292765	0.2290534245			PSRC1	ALL_FOLDS	0.9140690125958388	0.8919717035684877	0.1404858883	0.282182		
rs57607242	109294801	0.430168927			PSRC1	ALL_FOLDS	0.9140690125958388	0.8919717035684877	0.258966743	0.308885		
rs35267391	109295593	0.7269585253			PSRC1	ALL_FOLDS	0.9140690125958388	0.8919717035684877	0.4393062761	0.751568		
rs12127701	109295642	0.4573182992			PSRC1	ALL_FOLDS	0.9140690125958388	0.8919717035684877	0.2743259489	0.514116		
rs629001	109296296	0.4451284797			PSRC1	ALL_FOLDS	0.9140690125958388	0.8919717035684877	0.2703294726	0.388652		
rs7515901	109297274	0.2565528972			PSRC1	ALL_FOLDS	0.9140690125958388	0.8919717035684877	0.1550014933	0.411953		
rs76186504	109297547	0.7594235033			PSRC1	ALL_FOLDS	0.9140690125958388	0.8919717035684877	0.456729821	0.807202		
rs600806	109298007	0.1920303435			PSRC1	ALL_FOLDS	0.9140690125958388	0.8919717035684877	0.1174280929	0.223804		
rs680434	109299649	0.1635496795			PSRC1	ALL_FOLDS	0.9140690125958388	0.8919717035684877	0.09640419754	0.186234		
rs652651	109301910	0.1682789433			PSRC1	ALL_FOLDS	0.9140690125958388	0.8919717035684877	0.1026236405	0.226486		
rs1278286	109302478	0.170482866			PSRC1	ALL_FOLDS	0.9140690125958388	0.8919717035684877	0.1048160946	0.218548		
rs638542	109302630	0.1655157072			PSRC1	ALL_FOLDS	0.9140690125958388	0.8919717035684877	0.09755998932	0.226486		
rs407102	109303656	0.159847706			PSRC1	ALL_FOLDS	0.9140690125958388	0.8919717035684877	0.0981486129	0.148161		
rs592107	109306104	0.1703806871			PSRC1	ALL_FOLDS	0.9140690125958388	0.8919717035684877	0.1050755722	0.201286		
rs443345	109306632	0.1690000145			PSRC1	ALL_FOLDS	0.9140690125958388	0.8919717035684877	0.1056183683	0.224362		
rs413582	109308504	0.2408855557			PSRC1	ALL_FOLDS	0.9140690125958388	0.8919717035684877	0.1475801943	0.348656		
rs444387	109308505	0.1690000145			PSRC1	ALL_FOLDS	0.9140690125958388	0.8919717035684877	0.104034951	0.224362		
rs464218	109313684	0.1350362642			PSRC1	ALL_FOLDS	0.9140690125958388	0.8919717035684877	0.08575844706	0.212189		
rs370088	109315497	0.1703806871			PSRC1	ALL_FOLDS	0.9140690125958388	0.8919717035684877	0.1015442751	0.214427		
rs116149872	109318458	0.6764316838			PSRC1	ALL_FOLDS	0.9140690125958388	0.8919717035684877	0.407600318	0.732139		
rs3853500	109321647	0.1690000145			PSRC1	ALL_FOLDS	0.9140690125958388	0.8919717035684877	0.1027676768	0.224362		
rs3853501	109321752	0.1690000145			PSRC1	ALL_FOLDS	0.9140690125958388	0.8919717035684877	0.1017168072	0.224362		
rs3768497	109323608	0.1703806871			PSRC1	ALL_FOLDS	0.9140690125958388	0.8919717035684877	0.1026380601	0.201286		
rs3768496	109323947	0.1703806871			PSRC1	ALL_FOLDS	0.9140690125958388	0.8919717035684877	0.1062817715	0.201286		
rs6695482	109328237	0.1641451067			PSRC1	ALL_FOLDS	0.9140690125958388	0.8919717035684877	0.1002196756	0.224362		
rs10745352	109329165	0.1641451067			PSRC1	ALL_FOLDS	0.9140690125958388	0.8919717035684877	0.1004511403	0.224362		
rs10745353	109334884	0.1655157072			PSRC1	ALL_FOLDS	0.9140690125958388	0.8919717035684877	0.1024150658	0.209122		
rs4603158	109336927	0.1641451067			PSRC1	ALL_FOLDS	0.9140690125958388	0.8919717035684877	0.100700844	0.224362		
rs10858084	109339628	0.1641451067			PSRC1	ALL_FOLDS	0.9140690125958388	0.8919717035684877	0.100177992	0.224362		
rs4970829	109214673	0.6738505747			CELSR2	ALL_FOLDS	0.9058497268991466	0.862039671272973			0.2822124623	0.724969
rs61799425	109217933	0.6738505747			CELSR2	ALL_FOLDS	0.9058497268991466	0.862039671272973			0.283592588	0.724969
rs61799427	109221636	0.2457245725			CELSR2	ALL_FOLDS	0.9058497268991466	0.862039671272973			0.1031545163	-0.041814
rs7547246	109225539	0.2368109945			CELSR2	ALL_FOLDS	0.9058497268991466	0.862039671272973			0.1003946239	-0.0243134
rs683182	109228441	0.2257369353			CELSR2	ALL_FOLDS	0.9058497268991466	0.862039671272973			0.0958261877	-0.0596388
rs35271870	109233663	0.73416657			CELSR2	ALL_FOLDS	0.9058497268991466	0.862039671272973			0.3060339538	0.658559
rs4268379	109235615	0.2312757202			CELSR2	ALL_FOLDS	0.9058497268991466	0.862039671272973			0.09725255588	0.120299
rs658092	109235955	0.2296445766			CELSR2	ALL_FOLDS	0.9058497268991466	0.862039671272973			0.09538395969	-0.0409972
rs603643	109239287	0.09780213175			CELSR2	ALL_FOLDS	0.9058497268991466	0.862039671272973			0.0404974253	0.169141
rs611945	109239381	0.09780213175			CELSR2	ALL_FOLDS	0.9058497268991466	0.862039671272973			0.04271980434	0.169141
rs611905	109239415	0.09780213175			CELSR2	ALL_FOLDS	0.9058497268991466	0.862039671272973			0.0429091087	0.169141
rs611060	109239568	0.268382714			CELSR2	ALL_FOLDS	0.9058497268991466	0.862039671272973			0.1147215566	0.0357842
rs1277921	109239640	0.09651240074			CELSR2	ALL_FOLDS	0.9058497268991466	0.862039671272973			0.03944621449	0.169141
rs11102964	109240639	0.3570672529			CELSR2	ALL_FOLDS	0.9058497268991466	0.862039671272973			0.1453578665	0.126105
rs579947	109241026	0.2737463479			CELSR2	ALL_FOLDS	0.9058497268991466	0.862039671272973			0.1141140581	0.151719
rs34293021	109241404	0.280041623			CELSR2	ALL_FOLDS	0.9058497268991466	0.862039671272973			0.1159965495	0.151719
rs688386	109241841	0.280041623			CELSR2	ALL_FOLDS	0.9058497268991466	0.862039671272973			0.1169073084	0.166779
rs586254	109242159	0.280041623			CELSR2	ALL_FOLDS	0.9058497268991466	0.862039671272973			0.1167507469	0.166779
rs11102965	109242316	0.280041623			CELSR2	ALL_FOLDS	0.9058497268991466	0.862039671272973			0.1176719168	0.151719
rs17035415	109244871	0.2349875931			CELSR2	ALL_FOLDS	0.9058497268991466	0.862039671272973			0.09662637919	-0.05964
rs10776804	109245831	0.2370095944			CELSR2	ALL_FOLDS	0.9058497268991466	0.862039671272973			0.09900126847	0.116714
rs585362	109247173	0.48269132			CELSR2	ALL_FOLDS	0.9058497268991466	0.862039671272973			0.2002426518	0.473084
rs74113799	109247664	0.595689682			CELSR2	ALL_FOLDS	0.9058497268991466	0.862039671272973			0.2553434685	0.426006
rs434524	109248934	0.6027596224			CELSR2	ALL_FOLDS	0.9058497268991466	0.862039671272973			0.2586351831	0.373259
rs454107	109251630	0.595689682			CELSR2	ALL_FOLDS	0.9058497268991466	0.862039671272973			0.2469907915	0.373259
rs413380	109252404	0.595689682			CELSR2	ALL_FOLDS	0.9058497268991466	0.862039671272973			0.2498597617	0.373259
rs437444	109252986	0.6027596224			CELSR2	ALL_FOLDS	0.9058497268991466	0.862039671272973			0.2559349337	0.410408
rs6693893	109255141	0.639076063			CELSR2	ALL_FOLDS	0.9058497268991466	0.862039671272973			0.2209994629	0.609062
rs10858082	109256099	0.3908367773			CELSR2	ALL_FOLDS	0.9058497268991466	0.862039671272973			0.165331062	0.380501
rs12746961	109257699	0.8254791495			CELSR2	ALL_FOLDS	0.9058497268991466	0.862039671272973			0.3257642487	0.653266
rs655334	109258005	0.2254178748			CELSR2	ALL_FOLDS	0.9058497268991466	0.862039671272973			0.09387597912	0.423883
rs4970833	109262024	0.3301094023			CELSR2	ALL_FOLDS	0.9058497268991466	0.862039671272973			0.1365365736	0.251231
rs66795935	109262261	0.812831565			CELSR2	ALL_FOLDS	0.9058497268991466	0.862039671272973			0.3376616544	0.590787
rs1337248	109263820	0.3637555174			CELSR2	ALL_FOLDS	0.9058497268991466	0.862039671272973			0.1526061964	0.334593
rs6698843	109264212	0.3316612781			CELSR2	ALL_FOLDS	0.9058497268991466	0.862039671272973			0.1410461558	0.252501
rs6689614	109264477	0.3316612781			CELSR2	ALL_FOLDS	0.9058497268991466	0.862039671272973			0.142922669	0.252501
rs6657811	109264661	0.8166946309			CELSR2	ALL_FOLDS	0.9058497268991466	0.862039671272973			0.3423382819	0.660431
rs608196	109265495	0.2243531535			CELSR2	ALL_FOLDS	0.9058497268991466	0.862039671272973			0.08216870542	0.513086
rs72703203	109267578	0.8175257732			CELSR2	ALL_FOLDS	0.9058497268991466	0.862039671272973			0.3447212549	0.480699
rs72703204	109267579	0.8175257732			CELSR2	ALL_FOLDS	0.9058497268991466	0.862039671272973			0.3440556697	0.480699
rs2281894	109267922	0.1719440353			CELSR2	ALL_FOLDS	0.9058497268991466	0.862039671272973			0.07102954289	0.087211
rs17035630	109268359	0.2401352875			CELSR2	ALL_FOLDS	0.9058497268991466	0.862039671272973			0.09863410181	0.194908
rs3895559	109270398	0.3347930062			CELSR2	ALL_FOLDS	0.9058497268991466	0.862039671272973			0.1396607671	0.235109
rs41279714	109270863	0.6999125669			CELSR2	ALL_FOLDS	0.9058497268991466	0.862039671272973			0.2930258407	0.696474
rs41279716	109270888	0.3338709677			CELSR2	ALL_FOLDS	0.9058497268991466	0.862039671272973			0.1393973367	0.300532
rs17035665	109271097	0.3461467259			CELSR2	ALL_FOLDS	0.9058497268991466	0.862039671272973			0.145324791	0.233977
rs4970834	109272258	0.810607693			CELSR2	ALL_FOLDS	0.9058497268991466	0.862039671272973			0.3449912941	0.663699
rs79868705	109272452	0.8175257732			CELSR2	ALL_FOLDS	0.9058497268991466	0.862039671272973			0.3401063454	0.761456
rs79482788	109272511	0.8175257732			CELSR2	ALL_FOLDS	0.9058497268991466	0.862039671272973			0.3415818385	0.800447
rs611917	109272630	0.6114855397			CELSR2	ALL_FOLDS	0.9058497268991466	0.862039671272973			0.2570071495	0.595182
rs6670347	109272746	0.8175257732			CELSR2	ALL_FOLDS	0.9058497268991466	0.862039671272973			0.3397262267	0.800447
rs6667814	109273124	0.8175257732			CELSR2	ALL_FOLDS	0.9058497268991466	0.862039671272973			0.3430595569	0.800447
rs7528419	109274570	0.9953271028			CELSR2	ALL_FOLDS	0.9058497268991466	0.862039671272973			0.4149217579	0.946891
rs11102967	109274623	0.6320474777			CELSR2	ALL_FOLDS	0.9058497268991466	0.862039671272973			0.2697921087	0.550628
rs12740374	109274968	1.0			CELSR2	ALL_FOLDS	0.9058497268991466	0.862039671272973			0.4187856515	0.939332
rs660240	109275216	0.977630273			CELSR2	ALL_FOLDS	0.9058497268991466	0.862039671272973			0.4132326254	0.8526
rs77579579	109275506	0.8175257732			CELSR2	ALL_FOLDS	0.9058497268991466	0.862039671272973			0.3415014915	0.770256
rs658435	109275648	0.2390572391			CELSR2	ALL_FOLDS	0.9058497268991466	0.862039671272973			0.1017275175	0.511419
rs629301	109275684	0.9953271028			CELSR2	ALL_FOLDS	0.9058497268991466	0.862039671272973			0.4038743947	0.887413
rs646776	109275908	0.9953271028			CELSR2	ALL_FOLDS	0.9058497268991466	0.862039671272973			0.4185849005	0.891674
rs55882046	109277359	0.8373648407			CELSR2	ALL_FOLDS	0.9058497268991466	0.862039671272973			0.350778503	0.711529
rs6677122	109277488	0.7645171814			CELSR2	ALL_FOLDS	0.9058497268991466	0.862039671272973			0.3140023678	0.703561
rs11577931	109278262	0.8229573935			CELSR2	ALL_FOLDS	0.9058497268991466	0.862039671272973			0.3445164658	0.738916
rs17035949	109278297	0.7167701863			CELSR2	ALL_FOLDS	0.9058497268991466	0.862039671272973			0.3009963288	0.602365
rs583104	109278685	0.9451497991			CELSR2	ALL_FOLDS	0.9058497268991466	0.862039671272973			0.3948612616	0.813803
rs602633	109278889	0.934587238			CELSR2	ALL_FOLDS	0.9058497268991466	0.862039671272973			0.3925978849	0.793368
rs1277930	109279521	0.9493955065			CELSR2	ALL_FOLDS	0.9058497268991466	0.862039671272973			0.3967712279	0.810248
rs599839	109279544	0.9493955065			CELSR2	ALL_FOLDS	0.9058497268991466	0.862039671272973			0.3970313426	0.813803
rs10410	109279782	0.2385218365			CELSR2	ALL_FOLDS	0.9058497268991466	0.862039671272973			0.09833606671	0.540118
rs14000	109279887	0.2393258427			CELSR2	ALL_FOLDS	0.9058497268991466	0.862039671272973			0.0987318213	0.470398
rs72703210	109281340	0.595689682			CELSR2	ALL_FOLDS	0.9058497268991466	0.862039671272973			0.2490616952	0.533127
rs35358959	109281628	0.7301931619			CELSR2	ALL_FOLDS	0.9058497268991466	0.862039671272973			0.3046423805	0.614396
rs657420	109283514	0.2986842993			CELSR2	ALL_FOLDS	0.9058497268991466	0.862039671272973			0.1243246999	0.201477
rs672569	109284631	0.6240625572			CELSR2	ALL_FOLDS	0.9058497268991466	0.862039671272973			0.2609429741	0.345935
rs115967373	109288603	0.7172038013			CELSR2	ALL_FOLDS	0.9058497268991466	0.862039671272973			0.3018870569	0.588388
rs655246	109289661	0.2662243376			CELSR2	ALL_FOLDS	0.9058497268991466	0.862039671272973			0.110246785	0.18103
rs17584208	109290565	0.7096029363			CELSR2	ALL_FOLDS	0.9058497268991466	0.862039671272973			0.2975234338	0.541335
rs17645031	109292316	0.7096029363			CELSR2	ALL_FOLDS	0.9058497268991466	0.862039671272973			0.2982990094	0.541335
rs41306199	109292541	0.7043409392			CELSR2	ALL_FOLDS	0.9058497268991466	0.862039671272973			0.29468281	0.523023
rs590502	109292765	0.2290534245			CELSR2	ALL_FOLDS	0.9058497268991466	0.862039671272973			0.09524773515	0.158498
rs57607242	109294801	0.430168927			CELSR2	ALL_FOLDS	0.9058497268991466	0.862039671272973			0.1788766112	0.231426
rs35267391	109295593	0.7269585253			CELSR2	ALL_FOLDS	0.9058497268991466	0.862039671272973			0.3032870458	0.574912
rs12127701	109295642	0.4573182992			CELSR2	ALL_FOLDS	0.9058497268991466	0.862039671272973			0.1914623135	0.343544
rs629001	109296296	0.4451284797			CELSR2	ALL_FOLDS	0.9058497268991466	0.862039671272973			0.1852014593	0.20324
rs7515901	109297274	0.2565528972			CELSR2	ALL_FOLDS	0.9058497268991466	0.862039671272973			0.1070452152	0.279661
rs76186504	109297547	0.7594235033			CELSR2	ALL_FOLDS	0.9058497268991466	0.862039671272973			0.3185193384	0.417524
rs600806	109298007	0.1920303435			CELSR2	ALL_FOLDS	0.9058497268991466	0.862039671272973			0.08056975622	0.0930159
rs680434	109299649	0.1635496795			CELSR2	ALL_FOLDS	0.9058497268991466	0.862039671272973			0.06833871752	0.0835697
rs652651	109301910	0.1682789433			CELSR2	ALL_FOLDS	0.9058497268991466	0.862039671272973			0.07034596822	0.122285
rs1278286	109302478	0.170482866			CELSR2	ALL_FOLDS	0.9058497268991466	0.862039671272973			0.07125678008	0.0134095
rs638542	109302630	0.1655157072			CELSR2	ALL_FOLDS	0.9058497268991466	0.862039671272973			0.06899230768	0.122285
rs407102	109303656	0.159847706			CELSR2	ALL_FOLDS	0.9058497268991466	0.862039671272973			0.06645340603	0.0985402
rs592107	109306104	0.1703806871			CELSR2	ALL_FOLDS	0.9058497268991466	0.862039671272973			0.0722356921	0.124161
rs443345	109306632	0.1690000145			CELSR2	ALL_FOLDS	0.9058497268991466	0.862039671272973			0.07018302626	0.132929
rs413582	109308504	0.2408855557			CELSR2	ALL_FOLDS	0.9058497268991466	0.862039671272973			0.1011796628	0.239147
rs444387	109308505	0.1690000145			CELSR2	ALL_FOLDS	0.9058497268991466	0.862039671272973			0.07199143118	0.132929
rs464218	109313684	0.1350362642			CELSR2	ALL_FOLDS	0.9058497268991466	0.862039671272973			0.05576049493	0.13692
rs370088	109315497	0.1703806871			CELSR2	ALL_FOLDS	0.9058497268991466	0.862039671272973			0.07267311072	0.135221
rs116149872	109318458	0.6764316838			CELSR2	ALL_FOLDS	0.9058497268991466	0.862039671272973			0.2838584458	0.555098
rs3853500	109321647	0.1690000145			CELSR2	ALL_FOLDS	0.9058497268991466	0.862039671272973			0.06921155003	0.132929
rs3853501	109321752	0.1690000145			CELSR2	ALL_FOLDS	0.9058497268991466	0.862039671272973			0.07068926838	0.132929
rs3768497	109323608	0.1703806871			CELSR2	ALL_FOLDS	0.9058497268991466	0.862039671272973			0.07125515596	0.124161
rs3768496	109323947	0.1703806871			CELSR2	ALL_FOLDS	0.9058497268991466	0.862039671272973			0.07107212996	0.124161
rs6695482	109328237	0.1641451067			CELSR2	ALL_FOLDS	0.9058497268991466	0.862039671272973			0.06846942091	0.132929
rs10745352	109329165	0.1641451067			CELSR2	ALL_FOLDS	0.9058497268991466	0.862039671272973			0.069211459	0.132929
rs10745353	109334884	0.1655157072			CELSR2	ALL_FOLDS	0.9058497268991466	0.862039671272973			0.06818661183	0.112887
rs4603158	109336927	0.1641451067			CELSR2	ALL_FOLDS	0.9058497268991466	0.862039671272973			0.07041507546	0.132929
rs10858084	109339628	0.1641451067			CELSR2	ALL_FOLDS	0.9058497268991466	0.862039671272973			0.06988475306	0.132929
