rsid	pos	gene	ALL_FOLDS	FOLD_0	GTEx_liver_eQTL
rs187413240	109212200	CELSR2	0.0007921059925	-0.003692944845	
rs187413240	109212200	PSRC1	0.001179734866	-0.001889983813	
rs187413240	109212200	SORT1	-0.0006779370207	0.0004911422729	
rs4970829	109214673	CELSR2	1.351038614e-05	-0.002573172251	0.724969
rs4970829	109214673	PSRC1	-0.0007504224778	-0.0003952185313	0.890172
rs4970829	109214673	SORT1	0.001522270342	0.002216736476	0.60625
rs61799425	109217933	CELSR2	0.001393636068	-0.0008931954702	0.724969
rs61799425	109217933	PSRC1	0.001217285792	-0.0007095734278	0.890172
rs61799425	109217933	SORT1	0.0003265781173	-0.002382655938	0.60625
rs61799427	109221636	CELSR2	0.0002485911051	-0.003039360046	-0.041814
rs61799427	109221636	PSRC1	0.001744826635	-0.001797954241	0.0741489
rs61799427	109221636	SORT1	0.0001287797156	0.00110377868	-0.0098029
rs7547246	109225539	CELSR2	0.001221577326	-0.01014916102	-0.0243134
rs7547246	109225539	PSRC1	-0.002094268799	9.854634603e-06	0.0412566
rs7547246	109225539	SORT1	0.0003585238788	0.001069804033	-0.0375166
rs683182	109228441	CELSR2	0.001290798187	0.004930973053	-0.0596388
rs683182	109228441	PSRC1	0.001428922018	-0.001565972964	-0.0119255
rs683182	109228441	SORT1	-0.001103605998	-0.001110593478	-0.0648972
rs35271870	109233663	CELSR2	-0.001424471537	-0.00222325325	0.658559
rs35271870	109233663	PSRC1	0.00183626016	0.0009800195694	0.818305
rs35271870	109233663	SORT1	0.000426463938	0.001177728176	0.986582
rs4268379	109235615	CELSR2	0.0003976027169	0.00316397349	0.120299
rs4268379	109235615	PSRC1	0.003413240115	-0.0003881057103	0.255766
rs4268379	109235615	SORT1	-0.0006130148346	0.001727938652	0.242735
rs658092	109235955	CELSR2	-0.0007878939312	0.00112191836	-0.0409972
rs658092	109235955	PSRC1	-0.001826405525	-0.001837968826	-0.0104003
rs658092	109235955	SORT1	0.000787461487	-0.002747476101	-0.0502667
rs603643	109239287	CELSR2	-0.0004607041677	-0.009394327799	0.169141
rs603643	109239287	PSRC1	-0.00058221817	-0.002000451088	0.283292
rs603643	109239287	SORT1	7.738312707e-05	0.002457439899	0.315279
rs611945	109239381	CELSR2	0.001761674881	-0.007804314295	0.169141
rs611945	109239381	PSRC1	0.002167542776	-9.19898351e-05	0.283292
rs611945	109239381	SORT1	0.001137275481	-0.0004360874494	0.315279
rs611905	109239415	CELSR2	0.001950979233	-0.01165223122	0.169141
rs611905	109239415	PSRC1	-0.001771012942	0.0005711714427	0.283292
rs611905	109239415	SORT1	0.00105152737	0.0009317994118	0.315279
rs611060	109239568	CELSR2	0.002326726914	-0.0006582736969	0.0357842
rs611060	109239568	PSRC1	-0.002813339234	-0.000210126241	0.171663
rs611060	109239568	SORT1	0.001644358815	0.003567020098	0.21757
rs1277921	109239640	CELSR2	-0.0009717941284	0.001162370046	0.169141
rs1277921	109239640	PSRC1	-0.001415888469	0.001135468483	0.283292
rs1277921	109239640	SORT1	0.001259925387	0.001523454984	0.315279
rs11102964	109240639	CELSR2	-0.004176775615	-0.008188088735	0.126105
rs11102964	109240639	PSRC1	0.001673897107	0.001312414805	0.324445
rs11102964	109240639	SORT1	0.0009977056956	0.002475758394	0.150925
rs579947	109241026	CELSR2	-0.0005269845327	-0.003721316655	0.151719
rs579947	109241026	PSRC1	-0.002042373022	-0.001057346662	0.372351
rs579947	109241026	SORT1	0.00120333295	0.0004273454348	0.304502
rs34293021	109241404	CELSR2	-0.00128086408	0.001157840093	0.151719
rs34293021	109241404	PSRC1	0.0004773139954	0.001616795858	0.372351
rs34293021	109241404	SORT1	-0.0001411247067	-0.001521011194	0.304502
rs688386	109241841	CELSR2	-0.0003701051075	-0.005909522374	0.166779
rs688386	109241841	PSRC1	0.0003877083459	-0.0006139278412	0.398333
rs688386	109241841	SORT1	0.0009543928318	0.001673320929	0.328226
rs586254	109242159	CELSR2	-0.0005266666412	-0.002084334691	0.166779
rs586254	109242159	PSRC1	-0.0007059176762	-0.001087665558	0.398333
rs586254	109242159	SORT1	0.0009155787995	-0.0003899335861	0.328226
rs11102965	109242316	CELSR2	0.0003945032755	-0.004366159439	0.151719
rs11102965	109242316	PSRC1	0.001845200857	0.0003556807836	0.372351
rs11102965	109242316	SORT1	-0.0007303572879	0.002337177595	0.304502
rs17035415	109244871	CELSR2	-0.00178305308	-0.002252896627	-0.05964
rs17035415	109244871	PSRC1	-0.0008967717488	0.003201524417	0.00637674
rs17035415	109244871	SORT1	0.0004268792303	0.002553701401	-0.0318018
rs10776804	109245831	CELSR2	-0.0002549489339	0.00235191981	0.116714
rs10776804	109245831	PSRC1	5.292892457e-05	-0.001323302587	0.253134
rs10776804	109245831	SORT1	-0.002117182982	0.001002192497	0.256279
rs585362	109247173	CELSR2	-0.001901547114	0.00266679128	0.473084
rs585362	109247173	PSRC1	0.002398928007	0.001485069593	0.674457
rs585362	109247173	SORT1	0.0005376935005	-0.003663003445	0.598467
rs74113799	109247664	CELSR2	0.00587717692	0.02206818263	0.426006
rs74113799	109247664	PSRC1	0.0007314284641	0.00104534626	0.399831
rs74113799	109247664	SORT1	0.001261087212	0.001507798831	0.285071
rs434524	109248934	CELSR2	0.006208101908	0.01378774643	0.373259
rs434524	109248934	PSRC1	0.002018809319	-0.002831459045	0.403449
rs434524	109248934	SORT1	-0.000724599852	6.989638011e-05	0.254846
rs454107	109251630	CELSR2	-0.002475500107	0.002275149028	0.373259
rs454107	109251630	PSRC1	0.0001890261968	-7.26779302e-05	0.403449
rs454107	109251630	SORT1	-0.001109682567	-0.0007315278053	0.254846
rs413380	109252404	CELSR2	0.0003934701282	0.00272210439	0.373259
rs413380	109252404	PSRC1	0.00109008948	0.0008307695389	0.403449
rs413380	109252404	SORT1	-0.001145488505	-0.0004293521245	0.254846
rs437444	109252986	CELSR2	0.003507852554	0.007431586583	0.410408
rs437444	109252986	PSRC1	-3.886222841e-05	-0.0001021226247	0.471195
rs437444	109252986	SORT1	-0.0007814874406	-0.000533858935	0.292928
rs6693893	109255141	CELSR2	-0.04663642247	-0.02841647466	0.609062
rs6693893	109255141	PSRC1	0.006730914116	0.01098511616	0.700992
rs6693893	109255141	SORT1	0.002011557498	0.004600862662	0.548289
rs10858082	109256099	CELSR2	0.001654227575	0.007812976837	0.380501
rs10858082	109256099	PSRC1	-0.000987847646	-0.001314838727	0.539285
rs10858082	109256099	SORT1	-0.0005273563634	-0.0003406604131	0.503643
rs12746961	109257699	CELSR2	-0.01993457476	-0.01065286001	0.653266
rs12746961	109257699	PSRC1	-0.006190339724	0.004083156586	0.848278
rs12746961	109257699	SORT1	-0.0006459925015	0.003601511319	0.988357
rs655334	109258005	CELSR2	-0.0005257924397	-0.002071857452	0.423883
rs655334	109258005	PSRC1	-0.001949707667	-0.002298355103	0.407626
rs655334	109258005	SORT1	-0.0002393869218	-0.002292414506	0.346305
rs4970833	109262024	CELSR2	-0.001708507538	0.002974033356	0.251231
rs4970833	109262024	PSRC1	0.00278588136	-0.0008566776911	0.416846
rs4970833	109262024	SORT1	-0.001267685167	-0.0008209546407	0.395767
rs66795935	109262261	CELSR2	-0.002740542094	-0.003833929698	0.590787
rs66795935	109262261	PSRC1	-0.0001527865726	-0.002659082413	0.775967
rs66795935	109262261	SORT1	0.0003150818715	0.0007580717405	0.882187
rs1337248	109263820	CELSR2	0.0002706050873	0.005920807521	0.334593
rs1337248	109263820	PSRC1	0.002787192662	0.001062432925	0.533068
rs1337248	109263820	SORT1	0.001063821993	-0.00174454848	0.48508
rs6698843	109264212	CELSR2	0.002151171366	0.005596558253	0.252501
rs6698843	109264212	PSRC1	0.002366820971	0.0005968014399	0.432136
rs6698843	109264212	SORT1	-0.001891369931	-0.002421001593	0.40392
rs6689614	109264477	CELSR2	0.00402768453	0.00289662679	0.252501
rs6689614	109264477	PSRC1	0.001436710358	-0.0011784633	0.432136
rs6689614	109264477	SORT1	5.785624187e-05	0.0002608497938	0.40392
rs6657811	109264661	CELSR2	0.0003182888032	-0.004794279734	0.660431
rs6657811	109264661	PSRC1	0.0009383757907	0.0006133317947	0.828269
rs6657811	109264661	SORT1	0.0001916014589	0.001746336619	0.825237
rs608196	109265495	CELSR2	-0.01178717613	-0.003080368042	0.513086
rs608196	109265495	PSRC1	-0.002023140589	-0.0006436904271	0.453983
rs608196	109265495	SORT1	0.000724690035	-8.803606033e-05	0.379145
rs72703203	109267578	CELSR2	0.002353191376	-0.003068765004	0.480699
rs72703203	109267578	PSRC1	-0.0006868044536	0.0003010431925	0.530968
rs72703203	109267578	SORT1	0.000837687015	-0.0001982649167	0.739361
rs72703204	109267579	CELSR2	0.001687606176	-0.0007431507111	0.480699
rs72703204	109267579	PSRC1	-0.00234301885	0.0003203948339	0.530968
rs72703204	109267579	SORT1	0.0008919557246	0.002312997977	0.739361
rs2281894	109267922	CELSR2	-0.0009781519571	-0.01104052862	0.087211
rs2281894	109267922	PSRC1	-0.001310547193	0.00368587176	0.125549
rs2281894	109267922	SORT1	0.001695437047	0.0004454056422	0.0787542
rs17035630	109268359	CELSR2	-0.001931111018	0.0005129178365	0.194908
rs17035630	109268359	PSRC1	0.001485625903	-0.0005676746368	0.194444
rs17035630	109268359	SORT1	-0.0001127482392	-0.001813828945	0.205054
rs3895559	109270398	CELSR2	-0.0005457401275	0.001288334529	0.235109
rs3895559	109270398	PSRC1	0.00254380703	0.003169576327	0.440744
rs3895559	109270398	SORT1	0.001006353957	-0.0002462863922	0.40195
rs41279714	109270863	CELSR2	-8.749961853e-05	-0.003936449687	0.696474
rs41279714	109270863	PSRC1	-0.003568569819	0.001639525096	0.736045
rs41279714	109270863	SORT1	0.0003804683219	0.0005337993304	0.61351
rs41279716	109270888	CELSR2	-0.0004230340322	-0.006225188573	0.300532
rs41279716	109270888	PSRC1	-0.003374099732	3.484884898e-05	0.416124
rs41279716	109270888	SORT1	0.002028417696	0.0006345311801	0.509574
rs17035665	109271097	CELSR2	0.0003635088603	-0.004746119181	0.233977
rs17035665	109271097	PSRC1	-0.0002270539602	0.0005038579305	0.415891
rs17035665	109271097	SORT1	0.001103641	0.00187754631	0.47108
rs4970834	109272258	CELSR2	0.005520423254	-0.003850460052	0.663699
rs4970834	109272258	PSRC1	0.0005626281102	0.001412232717	0.854303
rs4970834	109272258	SORT1	0.001123432536	0.002172907194	0.900349
rs79868705	109272452	CELSR2	-0.002261718114	-0.002327283223	0.761456
rs79868705	109272452	PSRC1	-0.0007770061494	-0.0004156033198	0.92826
rs79868705	109272452	SORT1	0.0004921014576	0.001097202301	0.774925
rs79482788	109272511	CELSR2	-0.000786225001	0.001838684082	0.800447
rs79482788	109272511	PSRC1	-0.002535144488	-0.002407431602	0.92588
rs79482788	109272511	SORT1	2.892129123e-05	0.0005956689517	0.807285
rs611917	109272630	CELSR2	0.0009257793427	-0.0007167657216	0.595182
rs611917	109272630	PSRC1	-0.001287023226	0.0004450082779	0.822327
rs611917	109272630	SORT1	0.0007224138827	0.0009041031202	0.856454
rs6670347	109272746	CELSR2	-0.002641836802	-0.001072883606	0.800447
rs6670347	109272746	PSRC1	-0.001121759415	-0.003427306811	0.92588
rs6670347	109272746	SORT1	0.001508856968	0.002489844958	0.807285
rs6667814	109273124	CELSR2	0.0006914933524	-0.004222869873	0.800447
rs6667814	109273124	PSRC1	0.001038789749	0.003168702126	0.92588
rs6667814	109273124	SORT1	0.001161583001	0.0005377928416	0.807285
rs7528419	109274570	CELSR2	-0.001906951268	-0.0007748603821	0.946891
rs7528419	109274570	PSRC1	-0.001452565193	-0.004483183225	1.14134
rs7528419	109274570	SORT1	0.0009861953245	-0.001326104005	1.12063
rs11102967	109274623	CELSR2	0.005099693934	0.01336312294	0.550628
rs11102967	109274623	PSRC1	0.002886851629	-0.005741755168	0.75857
rs11102967	109274623	SORT1	-0.0003603356892	-0.002513945103	0.744498
rs12740374	109274968	CELSR2	0.4187856515	0.4105810324	0.939332
rs12740374	109274968	PSRC1	0.604738156	0.2956922849	1.16657
rs12740374	109274968	SORT1	0.04881983437	0.02000560363	1.13398
rs660240	109275216	CELSR2	0.00381509463	0.01825261116	0.8526
rs660240	109275216	PSRC1	0.002898891767	-0.002108017604	1.07594
rs660240	109275216	SORT1	-0.0005697780289	-0.00360562404	1.0757
rs77579579	109275506	CELSR2	-0.0008665720623	0.002433697383	0.770256
rs77579579	109275506	PSRC1	-0.0006142457326	0.005700906118	0.931358
rs77579579	109275506	SORT1	0.0001938321317	-0.0008522073428	0.744479
rs57677983	109275536	CELSR2	0.001887639364	-0.001761754354	
rs57677983	109275536	PSRC1	-0.001456975937	-0.007788101832	
rs57677983	109275536	SORT1	-0.0002410850332	-0.001274486383	
rs658435	109275648	CELSR2	0.001613775889	-0.005756060282	0.511419
rs658435	109275648	PSRC1	-0.000275015831	-0.00338657697	0.45836
rs658435	109275648	SORT1	-0.0002422325003	-0.0003180702527	0.391163
rs629301	109275684	CELSR2	-0.01295431455	-0.01992829641	0.887413
rs629301	109275684	PSRC1	-0.007614096006	0.004064758619	1.09947
rs629301	109275684	SORT1	0.001354209147	-0.001532395681	1.07956
rs646776	109275908	CELSR2	0.001756191254	0.003217856089	0.891674
rs646776	109275908	PSRC1	0.004607399305	-0.001224835714	1.10051
rs646776	109275908	SORT1	-0.0004348145642	0.0004722476006	1.07726
rs55882046	109277359	CELSR2	0.0001021226247	-0.0003143151601	0.711529
rs55882046	109277359	PSRC1	-0.004572033882	0.005176703135	0.975893
rs55882046	109277359	SORT1	-0.0003944203103	2.680222193e-05	1.07591
rs6677122	109277488	CELSR2	-0.006166458132	-0.01074616114	0.703561
rs6677122	109277488	PSRC1	-0.01266535123	-0.01522306601	0.836461
rs6677122	109277488	SORT1	-0.0003886442477	0.00274058183	0.659633
rs11577931	109278262	CELSR2	-0.0001262823741	-0.002269188563	0.738916
rs11577931	109278262	PSRC1	-0.001211762428	0.003764589628	0.966598
rs11577931	109278262	SORT1	0.001183439124	0.001897752285	1.11855
rs17035949	109278297	CELSR2	0.0008232593536	0.0003346602122	0.602365
rs17035949	109278297	PSRC1	0.001650849978	-0.002571543058	0.656304
rs17035949	109278297	SORT1	0.0008195118667	0.0003129839897	0.520238
rs583104	109278685	CELSR2	-0.0009539127349	0.002095778783	0.813803
rs583104	109278685	PSRC1	0.001311977705	-0.003426114718	0.996361
rs583104	109278685	SORT1	-0.0003714137711	-0.001190503438	0.949367
rs602633	109278889	CELSR2	0.001206159592	0.004664500554	0.793368
rs602633	109278889	PSRC1	0.001241485278	-0.002169410388	1.00913
rs602633	109278889	SORT1	-0.0003185005236	-0.001078128815	0.976061
rs1277930	109279521	CELSR2	-0.000821987788	-0.001152038574	0.810248
rs1277930	109279521	PSRC1	-0.007474978764	-0.0003090302149	1.00419
rs1277930	109279521	SORT1	-0.0009844150238	-0.001316626867	0.951057
rs599839	109279544	CELSR2	-0.000561873118	-0.004106124242	0.813803
rs599839	109279544	PSRC1	0.01984961828	0.01114837329	0.996361
rs599839	109279544	SORT1	0.0004733040307	-0.00058923165	0.949367
rs10410	109279782	CELSR2	-0.001553455988	8.296966553e-05	0.540118
rs10410	109279782	PSRC1	-0.01011916002	0.03353651365	0.522368
rs10410	109279782	SORT1	-0.0004965406842	-0.001995960871	0.365504
rs14000	109279887	CELSR2	-0.001494407654	-0.005383253098	0.470398
rs14000	109279887	PSRC1	0.01298693816	0.05816090107	0.505755
rs14000	109279887	SORT1	-0.00204662513	-0.006374855836	0.354418
rs72703210	109281340	CELSR2	-0.0004045963287	-0.002967755	0.533127
rs72703210	109281340	PSRC1	0.00925016403	0.002901037534	0.646157
rs72703210	109281340	SORT1	-0.0004747950783	0.001071512699	0.790338
rs35358959	109281628	CELSR2	-0.001152038574	-0.004560232162	0.614396
rs35358959	109281628	PSRC1	-0.007909615834	0.009358962377	0.727559
rs35358959	109281628	SORT1	0.002218865945	-0.002698600292	0.449371
rs657420	109283514	CELSR2	-0.0007599989574	0.007326841354	0.201477
rs657420	109283514	PSRC1	0.008836348852	0.005167404811	0.383935
rs657420	109283514	SORT1	-0.006634787967	-0.002305050691	0.349685
rs672569	109284631	CELSR2	-0.0004054705302	0.002564668655	0.345935
rs672569	109284631	PSRC1	-1.633167263e-05	0.002538601557	0.400397
rs672569	109284631	SORT1	0.0003302342569	-0.001079440117	0.300431
rs115967373	109288603	CELSR2	0.001532395681	-0.003995577494	0.588388
rs115967373	109288603	PSRC1	-0.00258187453	0.002062439919	0.708116
rs115967373	109288603	SORT1	0.0009547246155	0.001697003841	0.446706
rs655246	109289661	CELSR2	-0.001244147618	0.001485347748	0.18103
rs655246	109289661	PSRC1	0.002080321312	-0.000595053037	0.348999
rs655246	109289661	SORT1	-0.001397019407	0.0002415776253	0.318681
rs17584208	109290565	CELSR2	0.0003519058227	-0.001523176829	0.541335
rs17584208	109290565	PSRC1	-0.002904693286	0.00115164121	0.615011
rs17584208	109290565	SORT1	-0.0001814598994	0.001259585222	0.401133
rs17645031	109292316	CELSR2	0.00112748146	-0.001981417338	0.541335
rs17645031	109292316	PSRC1	-0.002298076948	-0.001461704572	0.615011
rs17645031	109292316	SORT1	-0.0005642489218	-0.0008276303609	0.401133
rs41306199	109292541	CELSR2	-0.0002850691477	-0.005844672521	0.523023
rs41306199	109292541	PSRC1	0.0004021724065	0.0001725355784	0.58648
rs41306199	109292541	SORT1	0.0002437446577	0.003895461559	0.341888
rs590502	109292765	CELSR2	-0.0006765524546	0.002969264984	0.158498
rs590502	109292765	PSRC1	0.001968542735	0.0006210406621	0.282182
rs590502	109292765	SORT1	-0.0005637222591	-0.003089924653	0.257506
rs34105924	109293759	CELSR2	-0.0009565353391	-0.001466433207	
rs34105924	109293759	PSRC1	-0.001316229503	0.002062678337	
rs34105924	109293759	SORT1	-6.7492947e-05	0.0006308158239	
rs57607242	109294801	CELSR2	-0.001271963119	-0.005515495936	0.231426
rs57607242	109294801	PSRC1	-0.001172820727	-0.0003834962845	0.308885
rs57607242	109294801	SORT1	0.00117014007	-0.001251498858	0.447331
rs35267391	109295593	CELSR2	-0.00115275383	-0.0009346803029	0.574912
rs35267391	109295593	PSRC1	-0.0003132820129	-7.176399231e-05	0.751568
rs35267391	109295593	SORT1	0.001579897013	0.003589649995	1.04217
rs12127701	109295642	CELSR2	-5.60283661e-05	-0.004658222198	0.343544
rs12127701	109295642	PSRC1	-0.002231876055	0.0006702343623	0.514116
rs12127701	109295642	SORT1	0.002145470198	0.0007638732592	0.632495
rs629001	109296296	CELSR2	-0.00121196111	0.002616961797	0.20324
rs629001	109296296	PSRC1	0.00114329656	0.001891056697	0.388652
rs629001	109296296	SORT1	-0.0001378470722	-0.003517170747	0.437677
rs7515901	109297274	CELSR2	-0.0003954569499	-0.003984689713	0.279661
rs7515901	109297274	PSRC1	-0.0001458326976	0.003658533096	0.411953
rs7515901	109297274	SORT1	-0.0004046436708	0.0009582241376	0.322793
rs76186504	109297547	CELSR2	0.0004836718241	-0.005429665248	0.417524
rs76186504	109297547	PSRC1	-0.00252254804	0.002249042193	0.807202
rs76186504	109297547	SORT1	0.001201305461	-0.001615961393	0.693083
rs600806	109298007	CELSR2	0.0001502037048	0.00493812561	0.0930159
rs600806	109298007	PSRC1	0.001300017039	0.001341064771	0.223804
rs600806	109298007	SORT1	-0.0005853920399	-0.001173396905	0.100619
rs680434	109299649	CELSR2	-0.0001535415649	0.001106103261	0.0835697
rs680434	109299649	PSRC1	-0.002500534058	-0.001097400983	0.186234
rs680434	109299649	SORT1	-0.0017733175	-0.00242147843	0.0793784
rs652651	109301910	CELSR2	-0.0001268386841	0.005041201909	0.122285
rs652651	109301910	PSRC1	0.0008589426677	-0.00204316775	0.226486
rs652651	109301910	SORT1	-0.001721480784	-0.001660346985	0.103608
rs1278286	109302478	CELSR2	-0.0001389980316	0.003752390544	0.0134095
rs1278286	109302478	PSRC1	0.001718600591	-0.001243988673	0.218548
rs1278286	109302478	SORT1	0.0004242619035	0.001111030579	0.0851976
rs638542	109302630	CELSR2	-0.0003232955933	0.002215385437	0.122285
rs638542	109302630	PSRC1	-0.00253367424	-0.002620657285	0.226486
rs638542	109302630	SORT1	0.0001156142292	0.00142822663	0.103608
rs407102	109303656	CELSR2	-0.0004885196686	0.004126787186	0.0985402
rs407102	109303656	PSRC1	0.001482605934	0.0004243850708	0.148161
rs407102	109303656	SORT1	-0.0007268264112	-0.001426279545	0.0365847
rs592107	109306104	CELSR2	0.0008827050527	0.004510243734	0.124161
rs592107	109306104	PSRC1	0.002039869626	0.002150893211	0.201286
rs592107	109306104	SORT1	0.001042188766	0.00165450573	0.0597984
rs443345	109306632	CELSR2	-0.0005917549133	0.002150138219	0.132929
rs443345	109306632	PSRC1	0.003417611122	-0.003667791684	0.224362
rs443345	109306632	SORT1	-0.0004636694989	-0.004289646943	0.0914934
rs413582	109308504	CELSR2	0.0003002484638	0.0006262461344	0.239147
rs413582	109308504	PSRC1	0.001907507579	0.001471559207	0.348656
rs413582	109308504	SORT1	0.0005530451889	0.0006572405497	0.338925
rs444387	109308505	CELSR2	0.001216650009	0.002139012019	0.132929
rs444387	109308505	PSRC1	0.001834193866	-0.002442240715	0.224362
rs444387	109308505	SORT1	-0.001399184577	-0.0005640586217	0.0914934
rs464218	109313684	CELSR2	-0.000790754954	0.005931297938	0.13692
rs464218	109313684	PSRC1	0.004096865654	0.002740065257	0.212189
rs464218	109313684	SORT1	8.002932333e-06	0.01646711429	0.168833
rs370088	109315497	CELSR2	0.001320123672	0.003970305125	0.135221
rs370088	109315497	PSRC1	-0.001491427421	-0.001011053721	0.214427
rs370088	109315497	SORT1	-0.001409813839	-0.001662313938	0.0630688
rs116149872	109318458	CELSR2	0.0005785624186	-0.004821936289	0.555098
rs116149872	109318458	PSRC1	-0.00146373113	0.002673546473	0.732139
rs116149872	109318458	SORT1	0.001240503664	0.0004380146662	0.365243
rs3853500	109321647	CELSR2	-0.00156323115	0.001305421193	0.132929
rs3853500	109321647	PSRC1	0.0005669196447	-0.002904971441	0.224362
rs3853500	109321647	SORT1	-0.0002430323512	-0.001327991486	0.0914934
rs3853501	109321752	CELSR2	-8.551279703e-05	0.000382343928	0.132929
rs3853501	109321752	PSRC1	-0.0004839499791	-0.0007926623027	0.224362
rs3853501	109321752	SORT1	0.0003142273827	-0.0007972319921	0.0914934
rs3768497	109323608	CELSR2	-9.783109031e-05	0.0004759629567	0.124161
rs3768497	109323608	PSRC1	-0.0003976424535	0.001262068748	0.201286
rs3768497	109323608	SORT1	-0.0003847707994	-0.0006210406621	0.0597984
rs3768496	109323947	CELSR2	-0.0002808570862	0.002634207408	0.124161
rs3768496	109323947	PSRC1	0.003246068954	-0.0007694959641	0.201286
rs3768496	109323947	SORT1	-0.0005624196492	-0.0004272063573	0.0597984
rs6695482	109328237	CELSR2	-0.0002721945443	0.002727826436	0.132929
rs6695482	109328237	PSRC1	0.0009548664096	-0.0009911855062	0.224362
rs6695482	109328237	SORT1	-0.0006416779944	-0.0009283820788	0.0914934
rs10745352	109329165	CELSR2	0.0004698435465	0.003572543462	0.132929
rs10745352	109329165	PSRC1	0.001186331113	-0.001053531965	0.224362
rs10745352	109329165	SORT1	-0.0005031384062	-0.003410081069	0.0914934
rs10745353	109334884	CELSR2	-0.001128991445	0.002823352814	0.112887
rs10745353	109334884	PSRC1	0.002321402232	0.0003765821457	0.209122
rs10745353	109334884	SORT1	-0.0006551261372	-0.002051234245	0.0725843
rs4603158	109336927	CELSR2	0.001673460007	0.003761053085	0.132929
rs4603158	109336927	PSRC1	0.001436034838	0.0001442432404	0.224362
rs4603158	109336927	SORT1	-0.001566565208	-0.003628591696	0.0914934
rs10858084	109339628	CELSR2	0.001143137614	0.0008104642232	0.132929
rs10858084	109339628	PSRC1	0.0009131828945	-0.0007282495499	0.224362
rs10858084	109339628	SORT1	-0.0006492851147	0.0002061128616	0.0914934
