rank_in_sheet,edit_id,Cons,operation,event_sequence,event_length,reads,p_i,IndelFreq,column_label
1,human_hepatocytes_rank001_109619110_-G,*/-G,deletion,G,1,801,0.5737822349570201,0.5570236439499304,01 −G
2,human_hepatocytes_rank002_109619111__C,*/+C,insertion,C,1,71,0.0508595988538682,0.0493741307371349,02 +C
3,human_hepatocytes_rank003_109619110__G,*/+G,insertion,G,1,68,0.0487106017191977,0.0472878998609179,03 +G
4,human_hepatocytes_rank004_109619111_-GT,*/-GT,deletion,GT,2,56,0.0401146131805157,0.03894297635605,04 −GT
5,human_hepatocytes_rank005_109619111_-GTTGC,*/-GTTGC,deletion,GTTGC,5,51,0.0365329512893982,0.0354659248956884,05 −GTTGC
6,human_hepatocytes_rank006_109619107_-TGAGGT,*/-TGAGGT,deletion,TGAGGT,6,50,0.0358166189111747,0.0347705146036161,06 −TGAGGT
7,human_hepatocytes_rank007_109619111__A,*/+A,insertion,A,1,44,0.0315186246418338,0.0305980528511821,07 +A
8,human_hepatocytes_rank008_109619101_-CTGCCCTGAGGTTGC,*/-CTGCCCTGAGGTTGC,deletion,CTGCCCTGAGGTTGC,15,41,0.0293696275071633,0.0285118219749652,08 −15 bp
9,human_hepatocytes_rank009_109619108_-GA,*/-GA,deletion,GA,2,38,0.0272206303724928,0.0264255910987482,09 −GA
10,human_hepatocytes_rank010_109619111__TA,*/+TA,insertion,TA,2,30,0.0214899713467048,0.0208623087621696,10 +TA
11,human_hepatocytes_rank011_109619112_-TT,*/-TT,deletion,TT,2,25,0.0179083094555873,0.017385257301808,11 −TT
12,human_hepatocytes_rank012_109619109__A,*/+A,insertion,A,1,21,0.0150429799426934,0.0146036161335187,12 +A
13,human_hepatocytes_rank013_109619110_-GGTT,*/-GGTT,deletion,GGTT,4,20,0.0143266475644699,0.0139082058414464,13 −GGTT
14,human_hepatocytes_rank014_109619105_-CCTGAG,*/-CCTGAG,deletion,CCTGAG,6,20,0.0143266475644699,0.0139082058414464,14 −CCTGAG
15,human_hepatocytes_rank015_109619111_-GTT,*/-GTT,deletion,GTT,3,17,0.0121776504297994,0.0118219749652294,15 −GTT
16,human_hepatocytes_rank016_109619111_-GTTGCTCAATCA,*/-GTTGCTCAATCA,deletion,GTTGCTCAATCA,12,17,0.0121776504297994,0.0118219749652294,16 −12 bp
17,human_hepatocytes_rank017_109619111__T,*/+T,insertion,T,1,15,0.0107449856733524,0.0104311543810848,17 +T
18,human_hepatocytes_rank018_109619108_-GAG,*/-GAG,deletion,GAG,3,4,0.0028653295128939,0.0027816411682892,18 −GAG
19,human_hepatocytes_rank019_109619112_-T,*/-T,deletion,T,1,2,0.0014326647564469,0.0013908205841446,19 −T
20,human_hepatocytes_rank020_109619109_-A,*/-A,deletion,A,1,1,0.0007163323782234,0.0006954102920723,20 −A
21,human_hepatocytes_rank021_109619121_-C,*/-C,deletion,C,1,1,0.0007163323782234,0.0006954102920723,21 −C
22,human_hepatocytes_rank022_109619104_-C,*/-C,deletion,C,1,1,0.0007163323782234,0.0006954102920723,22 −C
23,human_hepatocytes_rank023_109619110_-GG,*/-GG,deletion,GG,2,1,0.0007163323782234,0.0006954102920723,23 −GG
24,human_hepatocytes_rank024_109619112__T,*/+T,insertion,T,1,1,0.0007163323782234,0.0006954102920723,24 +T
