cohort,donor_group,n,mean,median,q25,q75,minimum,maximum,fraction_up,fraction_down
bottom500,rs127_major,498,3.601149622060934,2.94231430714761,1.4580211565563752,5.172105710841856,-6.688597989823726,15.90594545138132,0.9658634538152611,0.03413654618473896
bottom500,rs127_minor,498,7.373944606883173,7.121316094436047,4.514460932063843,9.833394173247429,-4.785568380070384,19.273365235166175,0.9919678714859438,0.008032128514056224
bottom500,scrambled_control,498,-0.4549761300559924,-0.234271347675439,-0.9773200361306968,0.16865487892690895,-11.608975191057532,7.251685256217995,0.35542168674698793,0.6445783132530121
middle500,rs127_major,486,0.5620531698142036,0.3833518216634279,0.00642331222825709,0.9652162198250298,-5.669794450994429,10.788332622650818,0.7530864197530864,0.24691358024691357
middle500,rs127_minor,486,2.0928901135771865,1.6278843282531938,0.9152790527930827,2.825841229155319,-4.474128838584424,12.962038022158245,0.9670781893004116,0.03292181069958848
middle500,scrambled_control,486,-0.5845612741380082,-0.20127113879133202,-0.7757344532924131,0.06818659368213537,-9.706876164663049,1.8397470291975913,0.3148148148148148,0.6851851851851852
top500,rs127_major,487,-0.32459959789767334,-0.0658016511290641,-0.5946484931384499,0.28737558656938356,-9.287920586830756,5.7095556752433785,0.45790554414784396,0.5420944558521561
top500,rs127_minor,487,0.739348385522274,0.6659206999421342,0.1558127716439352,1.1590739666149525,-4.190437360235576,6.5687693721430644,0.8193018480492813,0.1806981519507187
top500,scrambled_control,487,-2.1496326731210575,-0.7791821635086359,-2.6630718362031534,-0.1703221429046344,-15.919270463588802,1.8653930975376398,0.10061601642710473,0.8993839835728953
