source_id	resource	provider_or_citation	accession_or_url	genome_build	access_date	checksum	license_or_terms	used_in	status
alphagenome	AlphaGenome API, SDK and model outputs	Avsec et al.; Google DeepMind	https://github.com/google-deepmind/alphagenome/tree/327ea82371197812b337aed8e9e75df63ce5e429	GRCh38	2026-08-01 (release audit)	SDK commit 327ea82371197812b337aed8e9e75df63ce5e429; research-code commit bb6a5276a51199d9589fc8929be6a9d946b7250b	Provider API and repository terms; prediction redistribution to be confirmed before Zenodo deposit	All model-derived panels	resolved
ucsc_hg38	GRCh38/hg38 reference genome sequence	Genome Reference Consortium; UCSC Genome Browser	https://hgdownload.soe.ucsc.edu/goldenPath/hg38/bigZips/hg38.fa.gz; assembly GCA_000001405.15	GRCh38/hg38	2026-08-01 (release audit)	Local decompressed FASTA SHA-256 5be01555d98347fdb3714dc84c6f77c9d8bc774adcf32c6f7a8fa06f5baf5e51; FASTA index SHA-256 3b425de206296a5c8053023fa5ca61da43cfe78c1737c12e58c83367c7e83c21	UCSC and Genome Reference Consortium data-use terms	Reference-sequence extraction and construct generation throughout	resolved_no_raw_redistribution
gtex_v7	GTEx v7 liver all-pairs cis-eQTL summary statistics	GTEx Consortium	https://storage.googleapis.com/adult-gtex/bulk-qtl/v7/single-tissue-cis-qtl/all_snp_gene_associations/Liver.allpairs.txt.gz	GRCh37/b37; alleles reconciled through the recorded LiftOver strand	2026-08-02 (clean-room audit)	SHA-256 372afa081939868407afef0322638b8a191e9f05b1451b6a873fdd04e5d81f67	GTEx data-use terms; raw file is downloaded or supplied by the user and not redistributed	Fig1C; FigS2	resolved_automated_and_manual_download
1000g_phase3	1000 Genomes high-coverage GRCh38 phased genotypes and Phase 3 European sample metadata	Byrska-Bishop et al., Cell 2022; 1000 Genomes Project Consortium, Nature 2015	https://www.internationalgenome.org/data-portal/data-collection/30x-grch38; phased release https://ftp.1000genomes.ebi.ac.uk/vol1/ftp/data_collections/1000G_2504_high_coverage/working/20220422_3202_phased_SNV_INDEL_SV/; Phase 3 sample panel https://ftp.1000genomes.ebi.ac.uk/vol1/ftp/release/20130502/integrated_call_samples_v3.20130502.ALL.panel	GRCh38 genotypes; Phase 3 metadata used to select 503 unrelated European samples	2026-08-01 (release audit)	Local chr1 interval VCF SHA-256 8b5ee6b3c7956cac6af185ce55125f89dd4952da27fc31554e75ca53aeb1f3b0; 3,202-sample metadata SHA-256 4e164b717433fc9bfc16e29b20e5b4659b4216185b3275322d421fe3d323c132; Phase 3 panel SHA-256 b4023dc6ee2d62ee89c8d4d347db4d348e65518d66d346574cdae7a4bbd76858	1000 Genomes public-data terms	Fig1C; FigS2; FigS3	resolved_no_raw_redistribution
hepg2_hic	HepG2 in situ Hi-C	4D Nucleome Data Portal	4DNFICSTCJQZ; https://data.4dnucleome.org/files-processed/4DNFICSTCJQZ/	GRCh38	2026-08-01 (release audit)	14.7-GB .hic source not redistributed; accession and compact derived-table SHA-256 values are recorded in outputs/run_manifests/source_data_sha256.tsv	4DN data-portal terms; users must retrieve the source file from 4DN	Fig1D-F; FigS1; Fig4D-F; FigS10A	resolved_no_raw_redistribution
wang_2018	Primary-human-hepatocyte CRISPR repair outcomes	Wang et al., Arterioscler Thromb Vasc Biol. 2018; doi:10.1161/ATVBAHA.117.310103	PMID 29097363; PMCID PMC5746470; supplementary file atv310103_ds.xls	hg18 source coordinates; converted to GRCh38 with the documented local offset	2026-06-20	99a2d4218e3e3a9afdd04ecded3a38878c001272f42eaadc99b8c3caeeefa049	Publisher supplementary-data terms	Fig2A-C; FigS4	resolved
kircher_2019	Saturation-mutagenesis MPRA	Kircher et al., Nature Communications 2019; doi:10.1038/s41467-019-11526-w	GEO GSE126550; https://github.com/kircherlab/MPRA_SaturationMutagenesis	Element sequences mapped to GRCh38 for AlphaGenome analyses	2026-08-01 (release audit)	fec2eed91fe27af3aae07ebce2eca65e9bad4bb6abba5d8c27f478887dd7b134 (local processed elements.tsv.gz)	Article CC BY 4.0; GEO and repository terms	Fig2D-F; FigS5-S6	resolved
currin_2025	Liver chromatin-accessibility QTL summary statistics and coordinated peak sets	Currin et al., Genome Research 2025; doi:10.1101/gr.279741.124	https://zenodo.org/records/15025748; GEO GSE264684	GRCh38	2026-08-01 (release audit)	Lead variants e29cb015bd2e3bc244e81e22ceb2e91c0d62ff942f48be46c7df662f1cce2060; summary archive 8d340fea33af5630d8b918614e8c479e22d4868f90c62b163c9f985de81fa4a0; local SORT1-locus excerpt used by reproduce.py --currin-variants 4d295d2808ea81d3bcfb781857d551ea0f8658ae9bd35a75ba11c8f2508d1f8c; --currin-peakset 6a1b7fdf7ec087b05cb80ff71fd2a368b9e9bed346058f887a22392491c7b26b	Zenodo record and GEO terms	FigS3	resolved_manual_download_supported
hpa_v24_1	Human Protein Atlas consensus tissue RNA expression	Human Protein Atlas version 24.1	https://v24.proteinatlas.org/download/rna_tissue_consensus.tsv.zip	Gene-level table using Ensembl release 109 identifiers; not coordinate-based	2025-11-06	cdedaeaf3cdfc89e22b3891ea24ae2afabc0afd26d8883076121a363608450b6 (decompressed TSV)	Human Protein Atlas data-use terms; attribution required	Fig4A-C; FigS9	resolved
gencode_v46	Gene annotations	GENCODE release 46	https://ftp.ebi.ac.uk/pub/databases/gencode/Gencode_human/release_46/	GRCh38	2026-08-01 (release audit)	Raw annotation not retained or redistributed; frozen derived promoter manifest outputs/run_manifests/figure4ef_frozen_promoter_table_v1.tsv SHA-256 30c42f08509ac98789d45025a8973dfbd8235222f890f506c1bc357a653c9967	GENCODE permits free use with attribution	Gene and TSS definitions throughout	resolved_no_raw_redistribution
jaspar_2024	JASPAR 2024 CORE vertebrate non-redundant position-frequency matrices	Rauluseviciute et al., Nucleic Acids Research 2024; JASPAR 2024	https://jaspar.elixir.no/downloads/ (CORE vertebrates, non-redundant, JASPAR text format)	NA	2026-06-22	2a6c7c24afb0614ed418c9f02b68845adebf38f80f6cebabbcd5de804eaacb59	JASPAR data are CC0	Fig3C; FigS8C; Fig4I-J	resolved
glgc_2013	LDL-C GWAS summary statistics (jointGwasMc_LDL.txt), 1p13 SORT1/PSRC1/CELSR2 locus subset	Willer, C.J. et al. (Global Lipids Genetics Consortium), Nature Genetics 45, 1274-1283 (2013); doi:10.1038/ng.2797	https://csg.sph.umich.edu/willer/public/lipids2013/ (jointGwasMc_LDL.txt.gz)	hg19/b37 source; lifted to GRCh38 for AlphaGenome analyses	2026-08-01 (release audit; original download date not recorded)	5ae9caa26c7b6f469ac86817d6696152710f2042ec321269841406c4a5841f0d (local 1p13-locus subset, gwas_LDL_GLGC2013_1p13_hg38_liftover.tsv, 945 rows); full genome-wide raw file (194.9 MB) not redistributed	GLGC public summary-statistics terms	Fig1C; FigS2 (frozen 111-SNP set)	resolved_no_raw_redistribution
ucsc_hg19_to_hg38_chain	UCSC hg19-to-hg38 LiftOver chain	UCSC Genome Browser; checksum-identical public mirror at Michigan Imputation Server	https://imputationserver.sph.umich.edu/resources/chain/hg19_to_hg38.over.chain.gz	hg19 to GRCh38	2026-08-02 (clean-room audit)	SHA-256 5c0598e500ceb5a78c73086929e8ef993aec309bcafb595139b53d440b125a1d	UCSC chain-file terms apply	Fig1C middle clean-room variant reconstruction	resolved_no_raw_redistribution
ncbi_grch38_noalt	GRCh38 no-alt analysis-set FASTA with UCSC sequence identifiers	Genome Reference Consortium; NCBI	GCA_000001405.15; https://ftp.ncbi.nlm.nih.gov/genomes/all/GCA/000/001/405/GCA_000001405.15_GRCh38/seqs_for_alignment_pipelines.ucsc_ids/GCA_000001405.15_GRCh38_no_alt_analysis_set.fna.gz	GRCh38	2026-08-02 (clean-room audit)	Compressed SHA-256 fb4243ebb014caf27111f24dd62b7ce42160f28581da6f8fcd6cba5977778d02; decompressed SHA-256 9cce8b926416dd96b152deea85188495b75f7ac8d634cc723a017067be8702b7	NCBI/GRC data-use terms	Fig1C middle clean-room reference-allele validation	resolved_no_raw_redistribution
wang_2018_crispr_indels	CRISPR-SNP repair outcomes online dataset (atv310103_ds.xls)	Wang, X. et al., Arteriosclerosis Thrombosis and Vascular Biology 2018; doi:10.1161/ATVBAHA.117.310103	https://www.ahajournals.org/action/downloadSupplement?doi=10.1161%2FATVBAHA.117.310103&file=atv310103_ds.xls	hg18 coordinates; reconstructed on GRCh38 sequence	2026-08-02 (clean-room audit)	SHA-256 99a2d4218e3e3a9afdd04ecded3a38878c001272f42eaadc99b8c3caeeefa049	Publisher terms apply; raw file is checksum-validated but not redistributed	Fig2B repair-product reconstruction	resolved_manual_download_supported
kircher_2019_mpra	Saturation mutagenesis MPRA element-level release (elements.tsv.gz)	Kircher, M. et al., Nature Communications 2019; doi:10.1038/s41467-019-11526-w	https://raw.githubusercontent.com/kircherlab/MPRA_SaturationMutagenesis/05d2ffb965090d3f5dd27dfb038cec493a15ab35/data/elements.tsv.gz	GRCh37 and GRCh38 records; clean-room runner filters GRCh38	2026-08-02 (clean-room audit)	SHA-256 fec2eed91fe27af3aae07ebce2eca65e9bad4bb6abba5d8c27f478887dd7b134	Upstream repository terms apply; raw file not redistributed	Fig2E; Fig2F	resolved_automated_download
