upstream_distance_bp,donor_group,n,mean,median,sem
0.0,rs127_major,100,0.010134560870868765,0.0014014909300845,0.002896753924400544
0.0,rs127_minor,100,0.19580901132932602,0.0266126865188115,0.05169113266418218
0.0,scrambled_control,100,-0.0006762264194554283,-1.364008436612795e-05,0.00034637405277269034
20.0,rs127_major,100,0.006122517338450667,0.00104699834334585,0.0013458037871079364
20.0,rs127_minor,100,0.16656604789571614,0.02196850083479495,0.04796991258734366
20.0,scrambled_control,100,-0.0007044778254858293,-1.4109958000978432e-05,0.0003520441359879017
30.0,rs127_major,100,0.011467259374425135,0.00122911787252915,0.0038462965636276007
30.0,rs127_minor,100,0.21548717643053436,0.023318885397661,0.06555942273712749
30.0,scrambled_control,100,-0.0006436289100528133,-1.846015326715e-05,0.00032313959967949927
100.0,rs127_major,100,0.010656007425329201,0.0010916440068430501,0.0033558381317478807
100.0,rs127_minor,100,0.15635407598931164,0.01593761973225465,0.03608147149146085
100.0,scrambled_control,100,-0.0003383483848896479,-9.799134654146115e-06,0.00026054957003917613
1000.0,rs127_major,100,0.0012693242104461467,0.0002407491374175,0.00030455178479864807
1000.0,rs127_minor,100,0.02319482071636604,0.0031864191533306,0.007266109914388788
1000.0,scrambled_control,100,-0.0002515430481105615,-5.1931837677774346e-06,0.00017525301517284166
10000.0,rs127_major,100,0.000536073404445448,0.00010250233402835,0.00012757987713342197
10000.0,rs127_minor,100,0.004230476165109413,0.0006491237206801,0.0013130553236457396
10000.0,scrambled_control,100,-4.138066792064856e-07,-1.7319538312063478e-06,2.8689382388109437e-05
100000.0,rs127_major,100,0.0001169560804660242,6.205184905159967e-06,4.1893890222178404e-05
100000.0,rs127_minor,100,0.0005092116244281793,3.2801823840300016e-05,0.00017056410081196162
100000.0,scrambled_control,100,8.288212954442946e-07,5.540916382569007e-08,2.4399401433723093e-06
500000.0,rs127_major,100,-1.8362263629030566e-06,-1.6708241791058045e-07,2.3746861129358083e-06
500000.0,rs127_minor,100,2.3043174793171356e-06,1.0621526941490571e-08,4.908818779341806e-06
500000.0,scrambled_control,100,1.0384611648168284e-06,1.7736349039145088e-08,1.2024773471049434e-06
