context	candidate_rank	variant_name	motif_label	motif_family	motif_orientation	site_center_pos	site_offset_from_rs	delta_cd14_monocyte__CELSR2	delta_cd14_monocyte__PSRC1	delta_cd14_monocyte__SORT1	delta_liver__CELSR2	delta_liver__PSRC1	delta_liver__SORT1	delta_tcell__CELSR2	delta_tcell__PSRC1	delta_tcell__SORT1	sum_delta_liver	synergy_liver	sum_delta_tcell	synergy_tcell	sum_delta_cd14_monocyte	synergy_cd14_monocyte	motif_matrix_id	motif_source_name	motif_consensus	motif_insert_sequence	motif_len	insert_start	insert_end	ref_bases	alt_bases
liver	1	CEBP|offset_+7165|forward|motif	CEBP	liver	forward	109282133	7165	0.0984444618225097	2.7129874229431152	0.035688892006874	0.062450885772705	1.7012964884440105	-0.010260264078776	0.0250077247619628	0.0369765758514404	0.0111365318298339	1.7534871101379397	0.0	0.0731208324432371	0.0111365318298339	2.847120776772499	0.035688892006874	MA0102.5	CEBPA	ATTGCACAAT	ATTGCACAAT	10	109282128	109282137	TGCATAAAAG	ATTGCACAAT
liver	2	CEBP|offset_+3005|reverse|motif	CEBP	liver	reverse	109277973	3005	0.0038299560546875	0.1757042407989502	-0.0163392275571823	0.3025408585866292	1.295371452967326	0.1179667835434277	0.0048069953918457	0.0665013790130615	0.0121846199035644	1.7158790950973828	0.1179667835434277	0.0834929943084716	0.0048069953918457	0.1631949692964553	0.0	MA0102.5	CEBPA	ATTGCACAAT	ATTGTGCAAT	10	109277968	109277977	TTGTCACTGA	ATTGTGCAAT
liver	3	CEBP|offset_+5847|forward|motif	CEBP	liver	forward	109280815	5847	0.0169939994812011	0.3774547576904297	0.0066867619752883	0.0951184431711832	1.2269200285275776	0.0060851424932479	0.0140004158020019	0.1165719032287597	0.0101823806762695	1.3281236141920088	0.0060851424932479	0.140754699707031	0.0101823806762695	0.4011355191469191	0.0066867619752883	MA0102.5	CEBPA	ATTGCACAAT	ATTGCACAAT	10	109280810	109280819	CAGTGCTTGG	ATTGCACAAT
liver	1	FOXA2|offset_+7171|reverse|motif	FOXA2	liver	reverse	109282139	7171	0.0471553802490234	1.7930865287780762	0.010366067290306	0.0518589814503987	1.7088988820711772	-0.0177566135923067	0.0147562026977539	0.260554552078247	0.0096282958984375	1.7430012499292693	0.0	0.2849390506744384	0.0096282958984375	1.8506079763174057	0.010366067290306	MA0047.4	FOXA2	TGTAAACA	TGTTTACA	8	109282135	109282142	AAGCCCCA	TGTTTACA
liver	2	FOXA2|offset_+3054|reverse|motif	FOXA2	liver	reverse	109278022	3054	-6.628036499023438e-05	0.1094454526901245	-0.0093621909618377	0.1882070700327555	0.8621627688407898	0.0714284454782803	0.0022134780883789	0.0617511272430419	0.0118417739868164	1.1217982843518255	0.0714284454782803	0.0758063793182372	0.0022134780883789	0.1000169813632965	0.0	MA0047.4	FOXA2	TGTAAACA	TGTTTACA	8	109278018	109278025	AAAAGGGG	TGTTTACA
liver	3	FOXA2|offset_-21007|reverse|motif	FOXA2	liver	reverse	109253961	-21007	0.0011816024780273	-0.0064483880996704	0.0017535984516143	1.0920065641403198	0.015770157178243	-0.0143175845344861	0.1053571701049804	0.0099449157714843	0.0046620368957519	1.0934591367840767	0.0	0.1199641227722166	0.0046620368957519	-0.0035131871700287	0.0	MA0047.4	FOXA2	TGTAAACA	TGTTTACA	8	109253957	109253964	AGCGCATT	TGTTTACA
liver	1	HNF1B|offset_+7167|forward|motif	HNF1B	liver	forward	109282135	7167	0.0151281356811523	0.1310492753982544	0.0280790925025939	0.1303637822469075	2.4999011357625327	-0.0098683511217435	0.0031070709228515	0.0385611057281494	0.0152831077575683	2.6203965668876967	0.0	0.0569512844085692	0.0031070709228515	0.1742565035820006	0.0151281356811523	MA0153.2	HNF1B	GTTAATGATTAAC	GTTAATGATTAAC	13	109282129	109282141	GCATAAAAGCCCC	GTTAATGATTAAC
liver	2	HNF1B|offset_+7794|reverse|motif	HNF1B	liver	reverse	109282762	7794	-0.0018515586853027	0.2366373538970947	-0.004889577627182	0.0680769284566243	2.430955410003662	-0.0291848964989185	-4.1484832763671875e-05	0.2618951797485351	-0.0036935806274414	2.469847441961368	0.0	0.25816011428833	0.0	0.2298962175846099	0.0	MA0153.2	HNF1B	GTTAATGATTAAC	GTTAATCATTAAC	13	109282756	109282768	TTCCTCAGGTATC	GTTAATCATTAAC
liver	3	HNF1B|offset_+3001|reverse|motif	HNF1B	liver	reverse	109277969	3001	-0.0072460174560546	0.2343466281890869	-0.0343854278326034	0.4938978354136149	1.542250116666158	0.183288296063741	0.0102529525756835	0.0377509593963623	0.0139532089233398	2.2194362481435137	0.183288296063741	0.0619571208953856	0.0102529525756835	0.1927151829004288	0.0	MA0153.2	HNF1B	GTTAATGATTAAC	GTTAATCATTAAC	13	109277963	109277975	AGGCATTGTCACT	GTTAATCATTAAC
liver	1	HNF4A|offset_+7163|reverse|motif	HNF4A	liver	reverse	109282131	7163	0.0022344589233398	-0.2136473655700683	0.0199085772037506	0.0824710528055826	2.4060052235921225	-0.0168995037674903	-0.0041208267211914	-0.0491023063659668	0.0141797065734863	2.4715767726302147	0.0	-0.0390434265136718	0.0	-0.1915043294429779	0.0	MA0114.5	HNF4A	CAAAGTCCA	TGGACTTTG	9	109282127	109282135	CTGCATAAA	TGGACTTTG
liver	2	HNF4A|offset_+8199|reverse|motif	HNF4A	liver	reverse	109283167	8199	0.0119886398315429	1.1432461738586426	0.0006338208913803	0.0191185474395751	1.7306262652079265	0.0030350113908449	0.0007123947143554	0.7708938121795654	-0.0198750495910644	1.7527798240383463	0.0030350113908449	0.7517311573028563	0.0	1.155868634581566	0.0006338208913803	MA0114.5	HNF4A	CAAAGTCCA	TGGACTTTG	9	109283163	109283171	GCTCCTTTC	TGGACTTTG
liver	3	HNF4A|offset_-25454|forward|motif	HNF4A	liver	forward	109249514	-25454	0.0782628059387207	-0.0159709453582763	-0.0017466694116592	1.712368329366048	-0.0624171495437622	-0.0168699274460474	-0.9984841346740724	0.0146136283874511	0.0131587982177734	1.6330812523762386	0.0	-0.970711708068848	0.0	0.0605451911687852	0.0	MA0114.5	HNF4A	CAAAGTCCA	CAAAGTCCA	9	109249510	109249518	CTATGGTAA	CAAAGTCCA
tcell	1	IRF8|offset_+8192|reverse|motif	IRF8	immune	reverse	109283160	8192	0.0583372116088867	2.8754289150238037	0.0307697355747222	0.014643907546997	1.6763847668965657	-0.0083379944165547	0.1519918441772461	3.741727352142334	0.032505989074707	1.682690680027008	0.0	3.926225185394287	0.032505989074707	2.9645358622074127	0.0307697355747222	MA0652.2	IRF8	CGAAACCGAAACT	AGTTTCGGTTTCG	13	109283154	109283166	GGGGGCGGGGCTC	AGTTTCGGTTTCG
tcell	2	IRF8|offset_+7117|reverse|motif	IRF8	immune	reverse	109282085	7117	0.1688513755798339	3.1719751358032227	0.0453759580850601	0.0236575603485107	0.7774042288462321	-0.0029383078217506	0.2380776405334472	3.5131707191467285	0.0213027000427246	0.7981234813729922	0.0	3.772551059722901	0.0213027000427246	3.3862024694681168	0.0453759580850601	MA0652.2	IRF8	CGAAACCGAAACT	AGTTTCGGTTTCG	13	109282079	109282091	CAGGCATCATGCC	AGTTTCGGTTTCG
tcell	3	IRF8|offset_-25442|forward|motif	IRF8	immune	forward	109249526	-25442	2.7602105140686035	-0.1657452583312988	-0.008064791560173	1.7466354370117188	-0.0642507076263427	-0.0052077695727348	2.8468804359436035	-0.0361325740814209	-0.0126371383666992	1.6771769598126411	0.0	2.7981107234954834	0.0	2.5864004641771317	0.0	MA0652.2	IRF8	CGAAACCGAAACT	CGAAACCGAAACT	13	109249520	109249532	GAGCCGCCGCCGC	CGAAACCGAAACT
tcell	1	RELA|offset_+8167|forward|motif	RELA	immune	forward	109283135	8167	0.0162668228149414	1.7162538766860962	0.0097824037075042	-0.0003503163655598	0.8107093572616577	0.0003250117103258	0.0424680709838867	2.3011693954467773	0.0096387863159179	0.8106840526064237	0.0	2.353276252746582	0.0096387863159179	1.742303103208542	0.0097824037075042	MA0107.1	RELA	GGGAATTTCC	GGGAATTTCC	10	109283130	109283139	CCTAGTCCCG	GGGAATTTCC
tcell	2	RELA|offset_+8801|reverse|motif	RELA	immune	reverse	109283769	8801	0.0181212425231933	0.1593270301818847	0.0571433156728744	0.0110498269399007	-0.0243333975474039	0.0040753682454427	0.3493151664733886	1.18552827835083	0.3760881423950195	-0.0092082023620605	0.0	1.9109315872192385	0.3493151664733886	0.2345915883779524	0.0181212425231933	MA0107.1	RELA	GGGAATTTCC	GGAAATTCCC	10	109283764	109283773	CCAAGTTTAA	GGAAATTCCC
tcell	3	RELA|offset_-25414|forward|motif	RELA	immune	forward	109249554	-25414	1.0058436393737793	-0.1053559780120849	-0.0049566775560379	0.6383515199025472	-0.0250735282897949	0.0019953027367591	1.809033155441284	-0.0346953868865966	-0.0005078315734863	0.6152732943495114	0.0	1.773829936981201	0.0	0.8955309838056564	0.0	MA0107.1	RELA	GGGAATTTCC	GGGAATTTCC	10	109249549	109249558	CCCGCCCGCC	GGGAATTTCC
tcell	1	RUNX1|offset_-12267|forward|motif	RUNX1	immune	forward	109262701	-12267	0.3930768966674804	-0.0398206710815429	-0.0124319344758987	-0.0584133466084798	-0.0046106576919555	0.0014017249147097	2.635538101196289	0.2397835254669189	0.0367927551269531	-0.0616222793857256	0.0	2.912114381790161	0.0367927551269531	0.3408242911100388	0.0	MA0002.3	Runx1	CTGTGGTTT	CTGTGGTTT	9	109262697	109262705	TCTTGGACA	CTGTGGTTT
tcell	2	RUNX1|offset_-18638|reverse|motif	RUNX1	immune	reverse	109256330	-18638	0.2540569305419922	-0.1212785243988037	-0.0185336470603942	-0.0716611544291178	0.0059508879979451	0.0031764457623163	2.7005534172058105	0.0459873676300048	-0.0050463676452636	-0.0625338206688564	0.0	2.741494417190552	0.0	0.1142447590827943	0.0	MA0002.3	Runx1	CTGTGGTTT	AAACCACAG	9	109256326	109256334	GGAGGAACA	AAACCACAG
tcell	3	RUNX1|offset_+3412|reverse|motif	RUNX1	immune	reverse	109278380	3412	0.0765695571899414	0.2373043298721313	0.0582620650529861	-0.0186986128489176	-0.059253176053365	0.0037550404667854	0.7065842151641846	1.5410170555114746	0.3708944320678711	-0.0741967484354972	0.0	2.6184957027435303	0.3708944320678711	0.3721359521150588	0.0582620650529861	MA0002.3	Runx1	CTGTGGTTT	AAACCACAG	9	109278376	109278384	TCACAACAC	AAACCACAG
tcell	1	SPI1|offset_+3472|reverse|motif	SPI1	immune	reverse	109278440	3472	0.1621508598327636	0.8622150421142578	0.1205351799726486	-0.0052029291788736	-0.0770237445831298	0.002296137313048	1.066418170928955	2.4151451587677	0.5235307216644287	-0.0799305364489554	0.0	4.005094051361084	0.5235307216644287	1.14490108191967	0.1205351799726486	MA0080.7	Spi1	AAAGAGGAAGTGG	CCACTTCCTCTTT	13	109278434	109278446	CAGGGGAGATGAG	CCACTTCCTCTTT
tcell	2	SPI1|offset_+7117|reverse|motif	SPI1	immune	reverse	109282085	7117	0.2154431343078613	3.3322269916534424	0.06831656396389	0.009221076965332	0.26043701171875	0.0103620340426762	0.2501492500305176	3.2434043884277344	0.0340352058410644	0.2800201227267582	0.009221076965332	3.5275888442993164	0.0340352058410644	3.615986689925194	0.06831656396389	MA0080.7	Spi1	AAAGAGGAAGTGG	CCACTTCCTCTTT	13	109282079	109282091	CAGGCATCATGCC	CCACTTCCTCTTT
tcell	3	SPI1|offset_-7520|forward|motif	SPI1	immune	forward	109267448	-7520	0.7689800262451172	0.251878023147583	0.0570268779993057	0.0610618591308593	-0.0170598030090332	0.00091469536225	2.1050121784210205	0.6874034404754639	0.196382999420166	0.0449167514840761	0.0	2.9887986183166504	0.196382999420166	1.077884927392006	0.0570268779993057	MA0080.7	Spi1	AAAGAGGAAGTGG	AAAGAGGAAGTGG	13	109267442	109267454	TGTCCCCGGCCCA	AAAGAGGAAGTGG
cd14_monocyte	1	IRF8|offset_+7119|forward|motif	IRF8	immune	forward	109282087	7119	0.2146711349487304	3.2549169063568115	0.068320408463478	0.02564271291097	0.4969549973805745	0.0038245022296905	0.2035222053527832	2.5032670497894287	0.0245614051818847	0.526422212521235	0.0038245022296905	2.7313506603240967	0.0245614051818847	3.53790844976902	0.068320408463478	MA0652.2	IRF8	CGAAACCGAAACT	CGAAACCGAAACT	13	109282081	109282093	GGCATCATGCCCA	CGAAACCGAAACT
cd14_monocyte	2	IRF8|offset_+8192|reverse|motif	IRF8	immune	reverse	109283160	8192	0.0583372116088867	2.8754289150238037	0.0307697355747222	0.014643907546997	1.6763847668965657	-0.0083379944165547	0.1519918441772461	3.741727352142334	0.032505989074707	1.682690680027008	0.0	3.926225185394287	0.032505989074707	2.9645358622074127	0.0307697355747222	MA0652.2	IRF8	CGAAACCGAAACT	AGTTTCGGTTTCG	13	109283154	109283166	GGGGGCGGGGCTC	AGTTTCGGTTTCG
cd14_monocyte	3	IRF8|offset_-25442|forward|motif	IRF8	immune	forward	109249526	-25442	2.7602105140686035	-0.1657452583312988	-0.008064791560173	1.7466354370117188	-0.0642507076263427	-0.0052077695727348	2.8468804359436035	-0.0361325740814209	-0.0126371383666992	1.6771769598126411	0.0	2.7981107234954834	0.0	2.5864004641771317	0.0	MA0652.2	IRF8	CGAAACCGAAACT	CGAAACCGAAACT	13	109249520	109249532	GAGCCGCCGCCGC	CGAAACCGAAACT
cd14_monocyte	1	RELA|offset_+7176|reverse|motif	RELA	immune	reverse	109282144	7176	0.0512003898620605	1.9154709577560425	0.0133057534694671	0.0159583091735839	0.5028847455978394	-0.0022098173697789	0.0166263580322265	-0.0172665119171142	0.0136594772338867	0.5166332374016444	0.0	0.013019323348999	0.0	1.9799771010875704	0.0133057534694671	MA0107.1	RELA	GGGAATTTCC	GGAAATTCCC	10	109282139	109282148	CCCACAACAG	GGAAATTCCC
cd14_monocyte	2	RELA|offset_+8167|forward|motif	RELA	immune	forward	109283135	8167	0.0162668228149414	1.7162538766860962	0.0097824037075042	-0.0003503163655598	0.8107093572616577	0.0003250117103258	0.0424680709838867	2.3011693954467773	0.0096387863159179	0.8106840526064237	0.0	2.353276252746582	0.0096387863159179	1.742303103208542	0.0097824037075042	MA0107.1	RELA	GGGAATTTCC	GGGAATTTCC	10	109283130	109283139	CCTAGTCCCG	GGGAATTTCC
cd14_monocyte	3	RELA|offset_-25413|forward|motif	RELA	immune	forward	109249555	-25413	1.351665496826172	-0.1114530563354492	0.0068080425262451	1.0556009610493975	-0.0528804461161295	-0.0013135795791943	1.5976736545562744	-0.0348455905914306	0.0100817680358886	1.0014069353540738	0.0	1.5729098320007324	0.0	1.247020483016968	0.0	MA0107.1	RELA	GGGAATTTCC	GGGAATTTCC	10	109249550	109249559	CCGCCCGCCG	GGGAATTTCC
cd14_monocyte	1	RUNX1|offset_+7110|forward|motif	RUNX1	immune	forward	109282078	7110	0.2204961776733398	2.8787598609924316	0.0866789370775222	0.0155203342437744	0.1482882897059122	0.0112863903244336	0.1677451133728027	1.7568203210830688	0.0267701148986816	0.1750950142741202	0.0112863903244336	1.9513355493545532	0.0267701148986816	3.1859349757432938	0.0866789370775222	MA0002.3	Runx1	CTGTGGTTT	CTGTGGTTT	9	109282074	109282082	CAAACCAGG	CTGTGGTTT
cd14_monocyte	2	RUNX1|offset_+3181|forward|motif	RUNX1	immune	forward	109278149	3181	0.2425441741943359	1.6384458541870115	0.1353936046361923	0.0405167738596598	0.1552319924036661	0.0054117937882741	0.0653638839721679	0.1872415542602539	0.0323028564453125	0.2011605600516	0.0054117937882741	0.2849082946777343	0.0323028564453125	2.0163836330175395	0.1353936046361923	MA0002.3	Runx1	CTGTGGTTT	CTGTGGTTT	9	109278145	109278153	GCCCACTTA	CTGTGGTTT
cd14_monocyte	3	RUNX1|offset_-20237|reverse|motif	RUNX1	immune	reverse	109254731	-20237	2.020998477935791	-0.0131772756576538	-0.0187922716140747	0.1971075534820556	-0.0134452581405639	0.0079666152596473	1.7433700561523438	-0.0206084251403808	-0.0165228843688964	0.191628910601139	0.0	1.7062387466430666	0.0	1.9890289306640625	0.0	MA0002.3	Runx1	CTGTGGTTT	AAACCACAG	9	109254727	109254735	GTCCTTGCT	AAACCACAG
cd14_monocyte	1	SPI1|offset_+7119|reverse|motif	SPI1	immune	reverse	109282087	7119	0.2648286819458008	3.580349922180176	0.0866957157850265	0.0131442546844482	0.4000845750172933	0.0098721360166867	0.265906810760498	3.143378973007202	0.0361833572387695	0.4231009657184281	0.0098721360166867	3.4454691410064697	0.0361833572387695	3.931874319911003	0.0866957157850265	MA0080.7	Spi1	AAAGAGGAAGTGG	CCACTTCCTCTTT	13	109282081	109282093	GGCATCATGCCCA	CCACTTCCTCTTT
cd14_monocyte	2	SPI1|offset_-20241|reverse|motif	SPI1	immune	reverse	109254727	-20241	3.043165445327759	0.0434507131576538	-0.013916477560997	0.3599696159362793	-0.0197394291559855	0.0079345554113388	1.5435583591461182	-0.0254943370819091	-0.0123662948608398	0.3481647421916325	0.0	1.5056977272033694	0.0	3.0726996809244156	0.0	MA0080.7	Spi1	AAAGAGGAAGTGG	CCACTTCCTCTTT	13	109254721	109254733	CTCAGGGTCCTTG	CCACTTCCTCTTT
cd14_monocyte	3	SPI1|offset_-58|forward|motif	SPI1	immune	forward	109274910	-58	1.2060394287109375	1.4553744792938232	0.1484783738851547	0.2373061180114746	0.272435188293457	0.028096005320549	0.7053825855255127	0.6786363124847412	0.1145720481872558	0.5378373116254807	0.028096005320549	1.4985909461975098	0.1145720481872558	2.8098922818899155	0.1484783738851547	MA0080.7	Spi1	AAAGAGGAAGTGG	AAAGAGGAAGTGG	13	109274904	109274916	TTCTTTGCTGTGA	AAAGAGGAAGTGG
