result_id	analysis_id	metric	value	unit	model	population_or_n	source_table	status	notes
fig1c_rs127_direct_sort1	fig1_eqtl_prioritization	rs12740374 direct RNA effect, SORT1	0.04881983437	GeneMaskLFCScorer value	ALL_FOLDS	rs12740374	outputs/source_data/Figure1C_eqtl_direct_tagging.tsv	verified_from_release_table	
fig1c_rs127_percent_sort1	fig1_eqtl_prioritization	rs12740374 implied RNA percentage change, SORT1	5.003115417276939	percent	ALL_FOLDS	rs12740374	outputs/source_data/Figure1C_eqtl_direct_tagging.tsv	verified_from_release_table	Calculated as 100 * expm1(GeneMaskLFCScorer value).
fig1c_direct_pearson_sort1	fig1_eqtl_prioritization	Observed eQTL versus direct score Pearson r, SORT1	0.2543626875072287	Pearson r	ALL_FOLDS	n=108 variants	outputs/source_data/Figure1C_eqtl_direct_tagging.tsv	verified_from_release_table	
fig1c_tagging_pearson_sort1	fig1_eqtl_prioritization	Observed eQTL versus rs12740374-tagging model Pearson r, SORT1	0.8706565385891487	Pearson r	ALL_FOLDS	n=108 variants	outputs/source_data/Figure1C_eqtl_direct_tagging.tsv	verified_from_release_table	Tagging model explicitly assumes rs12740374 is the driver.
fig1c_rs127_absolute_rank_sort1	fig1_eqtl_prioritization	rs12740374 absolute direct-effect rank, SORT1	1	rank	ALL_FOLDS	n=111 variants	outputs/source_data/Figure1C_eqtl_direct_tagging.tsv	verified_from_release_table	
fig1c_rs127_direct_celsr2	fig1_eqtl_prioritization	rs12740374 direct RNA effect, CELSR2	0.4187856515	GeneMaskLFCScorer value	ALL_FOLDS	rs12740374	outputs/source_data/Figure1C_eqtl_direct_tagging.tsv	verified_from_release_table	
fig1c_rs127_percent_celsr2	fig1_eqtl_prioritization	rs12740374 implied RNA percentage change, CELSR2	52.01144856068404	percent	ALL_FOLDS	rs12740374	outputs/source_data/Figure1C_eqtl_direct_tagging.tsv	verified_from_release_table	Calculated as 100 * expm1(GeneMaskLFCScorer value).
fig1c_direct_pearson_celsr2	fig1_eqtl_prioritization	Observed eQTL versus direct score Pearson r, CELSR2	0.17703466652296698	Pearson r	ALL_FOLDS	n=108 variants	outputs/source_data/Figure1C_eqtl_direct_tagging.tsv	verified_from_release_table	
fig1c_tagging_pearson_celsr2	fig1_eqtl_prioritization	Observed eQTL versus rs12740374-tagging model Pearson r, CELSR2	0.9058497268991466	Pearson r	ALL_FOLDS	n=108 variants	outputs/source_data/Figure1C_eqtl_direct_tagging.tsv	verified_from_release_table	Tagging model explicitly assumes rs12740374 is the driver.
fig1c_rs127_absolute_rank_celsr2	fig1_eqtl_prioritization	rs12740374 absolute direct-effect rank, CELSR2	1	rank	ALL_FOLDS	n=111 variants	outputs/source_data/Figure1C_eqtl_direct_tagging.tsv	verified_from_release_table	
fig1c_rs127_direct_psrc1	fig1_eqtl_prioritization	rs12740374 direct RNA effect, PSRC1	0.604738156	GeneMaskLFCScorer value	ALL_FOLDS	rs12740374	outputs/source_data/Figure1C_eqtl_direct_tagging.tsv	verified_from_release_table	
fig1c_rs127_percent_psrc1	fig1_eqtl_prioritization	rs12740374 implied RNA percentage change, PSRC1	83.07727692543246	percent	ALL_FOLDS	rs12740374	outputs/source_data/Figure1C_eqtl_direct_tagging.tsv	verified_from_release_table	Calculated as 100 * expm1(GeneMaskLFCScorer value).
fig1c_direct_pearson_psrc1	fig1_eqtl_prioritization	Observed eQTL versus direct score Pearson r, PSRC1	0.20591748866962414	Pearson r	ALL_FOLDS	n=108 variants	outputs/source_data/Figure1C_eqtl_direct_tagging.tsv	verified_from_release_table	
fig1c_tagging_pearson_psrc1	fig1_eqtl_prioritization	Observed eQTL versus rs12740374-tagging model Pearson r, PSRC1	0.9140690125958388	Pearson r	ALL_FOLDS	n=108 variants	outputs/source_data/Figure1C_eqtl_direct_tagging.tsv	verified_from_release_table	Tagging model explicitly assumes rs12740374 is the driver.
fig1c_rs127_absolute_rank_psrc1	fig1_eqtl_prioritization	rs12740374 absolute direct-effect rank, PSRC1	1	rank	ALL_FOLDS	n=111 variants	outputs/source_data/Figure1C_eqtl_direct_tagging.tsv	verified_from_release_table	
fig1f_observed_contact_celsr2	fig1_contact_percentiles	Observed 4DN 2kb 3x3 contact value, CELSR2	1.428539554278056	observed/expected or model contact value	EXPERIMENTAL	CELSR2	outputs/source_data/Figure1F_promoter_contact_percentiles.tsv	verified_from_release_table	
fig1f_observed_percentile_celsr2	fig1_contact_percentiles	Observed 4DN 2kb 3x3 same-distance percentile, CELSR2	45.10763209393346	percentile	EXPERIMENTAL	CELSR2	outputs/source_data/Figure1F_promoter_contact_percentiles.tsv	verified_from_release_table	
fig1f_observed_contact_psrc1	fig1_contact_percentiles	Observed 4DN 2kb 3x3 contact value, PSRC1	1.2411074837048848	observed/expected or model contact value	EXPERIMENTAL	PSRC1	outputs/source_data/Figure1F_promoter_contact_percentiles.tsv	verified_from_release_table	
fig1f_observed_percentile_psrc1	fig1_contact_percentiles	Observed 4DN 2kb 3x3 same-distance percentile, PSRC1	21.057692307692307	percentile	EXPERIMENTAL	PSRC1	outputs/source_data/Figure1F_promoter_contact_percentiles.tsv	verified_from_release_table	
fig1f_observed_contact_sort1	fig1_contact_percentiles	Observed 4DN 2kb 3x3 contact value, SORT1	7.770007451375325	observed/expected or model contact value	EXPERIMENTAL	SORT1	outputs/source_data/Figure1F_promoter_contact_percentiles.tsv	verified_from_release_table	
fig1f_observed_percentile_sort1	fig1_contact_percentiles	Observed 4DN 2kb 3x3 same-distance percentile, SORT1	99.67602591792657	percentile	EXPERIMENTAL	SORT1	outputs/source_data/Figure1F_promoter_contact_percentiles.tsv	verified_from_release_table	
fig1f_fold0_contact_celsr2	fig1_contact_percentiles	AlphaGenome FOLD_0 3x3 contact value, CELSR2	0.2693142361111111	observed/expected or model contact value	FOLD_0	CELSR2	outputs/source_data/Figure1F_promoter_contact_percentiles.tsv	verified_from_release_table	
fig1f_fold0_percentile_celsr2	fig1_contact_percentiles	AlphaGenome FOLD_0 3x3 same-distance percentile, CELSR2	85.8433734939759	percentile	FOLD_0	CELSR2	outputs/source_data/Figure1F_promoter_contact_percentiles.tsv	verified_from_release_table	
fig1f_fold0_contact_psrc1	fig1_contact_percentiles	AlphaGenome FOLD_0 3x3 contact value, PSRC1	-0.0284288194444444	observed/expected or model contact value	FOLD_0	PSRC1	outputs/source_data/Figure1F_promoter_contact_percentiles.tsv	verified_from_release_table	
fig1f_fold0_percentile_psrc1	fig1_contact_percentiles	AlphaGenome FOLD_0 3x3 same-distance percentile, PSRC1	32.57425742574257	percentile	FOLD_0	PSRC1	outputs/source_data/Figure1F_promoter_contact_percentiles.tsv	verified_from_release_table	
fig1f_fold0_contact_sort1	fig1_contact_percentiles	AlphaGenome FOLD_0 3x3 contact value, SORT1	1.6822916666666667	observed/expected or model contact value	FOLD_0	SORT1	outputs/source_data/Figure1F_promoter_contact_percentiles.tsv	verified_from_release_table	
fig1f_fold0_percentile_sort1	fig1_contact_percentiles	AlphaGenome FOLD_0 3x3 same-distance percentile, SORT1	99.66592427616926	percentile	FOLD_0	SORT1	outputs/source_data/Figure1F_promoter_contact_percentiles.tsv	verified_from_release_table	
fig2b_negative_count_sort1	fig2_repair_top50	Repair products with negative predicted RNA effect, SORT1	26	of 50 products	ALL_FOLDS	50 ranked human/mouse products	outputs/source_data/Figure2B_top50_repair_outcomes/matrix.csv	verified_from_release_table	
fig2b_median_sort1	fig2_repair_top50	Median predicted RNA change, SORT1	-1.223901566529425	percent	ALL_FOLDS	50 ranked human/mouse products	outputs/source_data/Figure2B_top50_repair_outcomes/matrix.csv	verified_from_release_table	
fig2b_negative_count_psrc1	fig2_repair_top50	Repair products with negative predicted RNA effect, PSRC1	38	of 50 products	ALL_FOLDS	50 ranked human/mouse products	outputs/source_data/Figure2B_top50_repair_outcomes/matrix.csv	verified_from_release_table	
fig2b_median_psrc1	fig2_repair_top50	Median predicted RNA change, PSRC1	-36.53189195252976	percent	ALL_FOLDS	50 ranked human/mouse products	outputs/source_data/Figure2B_top50_repair_outcomes/matrix.csv	verified_from_release_table	
fig2b_negative_count_celsr2	fig2_repair_top50	Repair products with negative predicted RNA effect, CELSR2	38	of 50 products	ALL_FOLDS	50 ranked human/mouse products	outputs/source_data/Figure2B_top50_repair_outcomes/matrix.csv	verified_from_release_table	
fig2b_median_celsr2	fig2_repair_top50	Median predicted RNA change, CELSR2	-19.81551058942393	percent	ALL_FOLDS	50 ranked human/mouse products	outputs/source_data/Figure2B_top50_repair_outcomes/matrix.csv	verified_from_release_table	
fig2e_pearson_three_gene_mean_rna	fig2_kircher_sort1	Kircher MPRA versus AlphaGenome Pearson r, three_gene_mean_RNA	0.8435641852531043	Pearson r	ALL_FOLDS	n=1798 substitutions	outputs/source_data/Figure2E_kircher_correlations.tsv	verified_from_release_table	
fig2e_spearman_three_gene_mean_rna	fig2_kircher_sort1	Kircher MPRA versus AlphaGenome Spearman rho, three_gene_mean_RNA	0.6724075597304742	Spearman rho	ALL_FOLDS	n=1798 substitutions	outputs/source_data/Figure2E_kircher_correlations.tsv	verified_from_release_table	
fig2e_pearson_sort1_rna	fig2_kircher_sort1	Kircher MPRA versus AlphaGenome Pearson r, SORT1_RNA	0.7864751243646054	Pearson r	ALL_FOLDS	n=1798 substitutions	outputs/source_data/Figure2E_kircher_correlations.tsv	verified_from_release_table	
fig2e_spearman_sort1_rna	fig2_kircher_sort1	Kircher MPRA versus AlphaGenome Spearman rho, SORT1_RNA	0.5492951245088925	Spearman rho	ALL_FOLDS	n=1798 substitutions	outputs/source_data/Figure2E_kircher_correlations.tsv	verified_from_release_table	
fig2e_pearson_psrc1_rna	fig2_kircher_sort1	Kircher MPRA versus AlphaGenome Pearson r, PSRC1_RNA	0.8248110766713694	Pearson r	ALL_FOLDS	n=1798 substitutions	outputs/source_data/Figure2E_kircher_correlations.tsv	verified_from_release_table	
fig2e_spearman_psrc1_rna	fig2_kircher_sort1	Kircher MPRA versus AlphaGenome Spearman rho, PSRC1_RNA	0.6448663588593183	Spearman rho	ALL_FOLDS	n=1798 substitutions	outputs/source_data/Figure2E_kircher_correlations.tsv	verified_from_release_table	
fig2e_pearson_celsr2_rna	fig2_kircher_sort1	Kircher MPRA versus AlphaGenome Pearson r, CELSR2_RNA	0.8467584493836037	Pearson r	ALL_FOLDS	n=1798 substitutions	outputs/source_data/Figure2E_kircher_correlations.tsv	verified_from_release_table	
fig2e_spearman_celsr2_rna	fig2_kircher_sort1	Kircher MPRA versus AlphaGenome Spearman rho, CELSR2_RNA	0.6688355094338083	Spearman rho	ALL_FOLDS	n=1798 substitutions	outputs/source_data/Figure2E_kircher_correlations.tsv	verified_from_release_table	
fig2e_pearson_atac	fig2_kircher_sort1	Kircher MPRA versus AlphaGenome Pearson r, ATAC	0.7996620855223466	Pearson r	ALL_FOLDS	n=1798 substitutions	outputs/source_data/Figure2E_kircher_correlations.tsv	verified_from_release_table	
fig2e_spearman_atac	fig2_kircher_sort1	Kircher MPRA versus AlphaGenome Spearman rho, ATAC	0.639866721608828	Spearman rho	ALL_FOLDS	n=1798 substitutions	outputs/source_data/Figure2E_kircher_correlations.tsv	verified_from_release_table	
fig2e_pearson_h3k27ac	fig2_kircher_sort1	Kircher MPRA versus AlphaGenome Pearson r, H3K27ac	0.8325136738730008	Pearson r	ALL_FOLDS	n=1798 substitutions	outputs/source_data/Figure2E_kircher_correlations.tsv	verified_from_release_table	
fig2e_spearman_h3k27ac	fig2_kircher_sort1	Kircher MPRA versus AlphaGenome Spearman rho, H3K27ac	0.6627595412210625	Spearman rho	ALL_FOLDS	n=1798 substitutions	outputs/source_data/Figure2E_kircher_correlations.tsv	verified_from_release_table	
fig2f_pooled_atac	fig2_kircher_multielement	Random-effects pooled Spearman rho, ATAC	0.5313265961832118	Spearman rho	ALL_FOLDS	k=4 elements	outputs/source_data/Figure2F_kircher_multielement/RESULTS.json	verified_from_release_table	95% CI 0.395735 to 0.644248; I2=97.358%
fig2f_atac_q	fig2_kircher_multielement	Random-effects heterogeneity Q, ATAC	113.54191766436647	Cochran Q	ALL_FOLDS	k=4 elements	outputs/source_data/Figure2F_kircher_multielement/RESULTS.json	verified_from_release_table	
fig2f_atac_q_p	fig2_kircher_multielement	Random-effects heterogeneity Q_p, ATAC	1.896617251190778e-24	P value	ALL_FOLDS	k=4 elements	outputs/source_data/Figure2F_kircher_multielement/RESULTS.json	verified_from_release_table	
fig2f_atac_i2_percent	fig2_kircher_multielement	Random-effects heterogeneity I2_percent, ATAC	97.35780400603406	percent	ALL_FOLDS	k=4 elements	outputs/source_data/Figure2F_kircher_multielement/RESULTS.json	verified_from_release_table	
fig2f_pooled_dnase	fig2_kircher_multielement	Random-effects pooled Spearman rho, DNASE	0.4186408547040226	Spearman rho	ALL_FOLDS	k=6 elements	outputs/source_data/Figure2F_kircher_multielement/RESULTS.json	verified_from_release_table	95% CI 0.165898 to 0.619775; I2=99.383%
fig2f_dnase_q	fig2_kircher_multielement	Random-effects heterogeneity Q, DNASE	810.1705684493782	Cochran Q	ALL_FOLDS	k=6 elements	outputs/source_data/Figure2F_kircher_multielement/RESULTS.json	verified_from_release_table	
fig2f_dnase_q_p	fig2_kircher_multielement	Random-effects heterogeneity Q_p, DNASE	7.294357184301982e-173	P value	ALL_FOLDS	k=6 elements	outputs/source_data/Figure2F_kircher_multielement/RESULTS.json	verified_from_release_table	
fig2f_dnase_i2_percent	fig2_kircher_multielement	Random-effects heterogeneity I2_percent, DNASE	99.38284600864115	percent	ALL_FOLDS	k=6 elements	outputs/source_data/Figure2F_kircher_multielement/RESULTS.json	verified_from_release_table	
fig2f_matched4_dnase	fig2_kircher_multielement	Matched-four random-effects Spearman rho, DNASE	0.5476885658184164	Spearman rho	ALL_FOLDS	k=4 matched elements	outputs/source_data/Figure2F_kircher_multielement/RESULTS.json	verified_from_release_table	95% CI 0.376326 to 0.682818
fig2f_matched4_atac	fig2_kircher_multielement	Matched-four random-effects Spearman rho, ATAC	0.5313265961832118	Spearman rho	ALL_FOLDS	k=4 matched elements	outputs/source_data/Figure2F_kircher_multielement/RESULTS.json	verified_from_release_table	95% CI 0.395735 to 0.644248
fig2f_f9_dnase_rho	fig2_kircher_multielement	Element-level Spearman rho, F9, DNASE	0.4738345411492322	Spearman rho	ALL_FOLDS	n=885 substitutions	outputs/source_data/Figure2F_kircher_multielement/kircher_multielement_element_statistics.tsv	verified_from_release_table	Cell context: HepG2; 95% CI 0.421082 to 0.523392
fig2f_f9_atac_rho	fig2_kircher_multielement	Element-level Spearman rho, F9, ATAC	0.4765381857403055	Spearman rho	ALL_FOLDS	n=885 substitutions	outputs/source_data/Figure2F_kircher_multielement/kircher_multielement_element_statistics.tsv	verified_from_release_table	Cell context: HepG2; 95% CI 0.423951 to 0.525923
fig2f_foxe1_dnase_rho	fig2_kircher_multielement	Element-level Spearman rho, FOXE1, DNASE	0.0454200443674499	Spearman rho	ALL_FOLDS	n=1790 substitutions	outputs/source_data/Figure2F_kircher_multielement/kircher_multielement_element_statistics.tsv	verified_from_release_table	Cell context: HeLa-S3; 95% CI -0.00091406 to 0.0915595
fig2f_ldlr_dnase_rho	fig2_kircher_multielement	Element-level Spearman rho, LDLR, DNASE	0.3361121506554272	Spearman rho	ALL_FOLDS	n=949 substitutions	outputs/source_data/Figure2F_kircher_multielement/kircher_multielement_element_statistics.tsv	verified_from_release_table	Cell context: HepG2; 95% CI 0.278429 to 0.39138
fig2f_ldlr_atac_rho	fig2_kircher_multielement	Element-level Spearman rho, LDLR, ATAC	0.3515582144612859	Spearman rho	ALL_FOLDS	n=949 substitutions	outputs/source_data/Figure2F_kircher_multielement/kircher_multielement_element_statistics.tsv	verified_from_release_table	Cell context: HepG2; 95% CI 0.294508 to 0.406111
fig2f_myc_rs11986220_dnase_rho	fig2_kircher_multielement	Element-level Spearman rho, MYC_rs11986220, DNASE	0.1720689938008387	Spearman rho	ALL_FOLDS	n=1369 substitutions	outputs/source_data/Figure2F_kircher_multielement/kircher_multielement_element_statistics.tsv	verified_from_release_table	Cell context: LNCaP clone FGC; 95% CI 0.120183 to 0.223017
fig2f_pklr_dnase_rho	fig2_kircher_multielement	Element-level Spearman rho, PKLR, DNASE	0.6323839414272215	Spearman rho	ALL_FOLDS	n=1376 substitutions	outputs/source_data/Figure2F_kircher_multielement/kircher_multielement_element_statistics.tsv	verified_from_release_table	Cell context: K562; 95% CI 0.599575 to 0.663071
fig2f_pklr_atac_rho	fig2_kircher_multielement	Element-level Spearman rho, PKLR, ATAC	0.630794541029482	Spearman rho	ALL_FOLDS	n=1376 substitutions	outputs/source_data/Figure2F_kircher_multielement/kircher_multielement_element_statistics.tsv	verified_from_release_table	Cell context: K562; 95% CI 0.597879 to 0.661587
fig2f_sort1_dnase_rho	fig2_kircher_multielement	Element-level Spearman rho, SORT1, DNASE	0.689441013292506	Spearman rho	ALL_FOLDS	n=1784 substitutions	outputs/source_data/Figure2F_kircher_multielement/kircher_multielement_element_statistics.tsv	verified_from_release_table	Cell context: HepG2; 95% CI 0.664286 to 0.713036
fig2f_sort1_atac_rho	fig2_kircher_multielement	Element-level Spearman rho, SORT1, ATAC	0.62639098815896	Spearman rho	ALL_FOLDS	n=1784 substitutions	outputs/source_data/Figure2F_kircher_multielement/kircher_multielement_element_statistics.tsv	verified_from_release_table	Cell context: HepG2; 95% CI 0.597346 to 0.653795
fig3f_mean_window_length_bp	fig3_boundary_grid	Shortest mean-passing window window_length_bp	287.0	bp	ALL_FOLDS	8 frozen scramble seeds	outputs/source_data/Figure3F_boundary_grid/selected_mean_window.csv	verified_from_release_table	
fig3f_mean_outside_mean_retention	fig3_boundary_grid	Shortest mean-passing window outside_mean_retention	0.7310049629021287	fraction	ALL_FOLDS	8 frozen scramble seeds	outputs/source_data/Figure3F_boundary_grid/selected_mean_window.csv	verified_from_release_table	
fig3f_mean_outside_median_retention	fig3_boundary_grid	Shortest mean-passing window outside_median_retention	0.6640694529848681	fraction	ALL_FOLDS	8 frozen scramble seeds	outputs/source_data/Figure3F_boundary_grid/selected_mean_window.csv	verified_from_release_table	
fig3f_mean_inside_mean_retention	fig3_boundary_grid	Shortest mean-passing window inside_mean_retention	0.0272208132057252	fraction	ALL_FOLDS	8 frozen scramble seeds	outputs/source_data/Figure3F_boundary_grid/selected_mean_window.csv	verified_from_release_table	
fig3f_median_window_length_bp	fig3_boundary_grid	Shortest median-passing window window_length_bp	315.0	bp	ALL_FOLDS	8 frozen scramble seeds	outputs/source_data/Figure3F_boundary_grid/selected_median_window.csv	verified_from_release_table	
fig3f_median_outside_mean_retention	fig3_boundary_grid	Shortest median-passing window outside_mean_retention	0.7397297892604857	fraction	ALL_FOLDS	8 frozen scramble seeds	outputs/source_data/Figure3F_boundary_grid/selected_median_window.csv	verified_from_release_table	
fig3f_median_outside_median_retention	fig3_boundary_grid	Shortest median-passing window outside_median_retention	0.7089269222371807	fraction	ALL_FOLDS	8 frozen scramble seeds	outputs/source_data/Figure3F_boundary_grid/selected_median_window.csv	verified_from_release_table	
fig3f_median_inside_mean_retention	fig3_boundary_grid	Shortest median-passing window inside_mean_retention	0.0265085707873704	fraction	ALL_FOLDS	8 frozen scramble seeds	outputs/source_data/Figure3F_boundary_grid/selected_median_window.csv	verified_from_release_table	
fig3g_retention_native	fig3_component_necessity	Mean three-gene retention after scrambling native	1.0	fraction	ALL_FOLDS	n=8 seeds	outputs/source_data/Figure3G_component_necessity.tsv	verified_from_release_table	
fig3g_retention_full_315	fig3_component_necessity	Mean three-gene retention after scrambling full_315	0.0140253297413023	fraction	ALL_FOLDS	n=8 seeds	outputs/source_data/Figure3G_component_necessity.tsv	verified_from_release_table	
fig3g_retention_h1	fig3_component_necessity	Mean three-gene retention after scrambling H1	0.8894386582180301	fraction	ALL_FOLDS	n=8 seeds	outputs/source_data/Figure3G_component_necessity.tsv	verified_from_release_table	
fig3g_retention_h2	fig3_component_necessity	Mean three-gene retention after scrambling H2	0.8911288453426285	fraction	ALL_FOLDS	n=8 seeds	outputs/source_data/Figure3G_component_necessity.tsv	verified_from_release_table	
fig3g_retention_h3	fig3_component_necessity	Mean three-gene retention after scrambling H3	0.7790545546762977	fraction	ALL_FOLDS	n=8 seeds	outputs/source_data/Figure3G_component_necessity.tsv	verified_from_release_table	
fig3g_retention_h4	fig3_component_necessity	Mean three-gene retention after scrambling H4	0.998966743114544	fraction	ALL_FOLDS	n=8 seeds	outputs/source_data/Figure3G_component_necessity.tsv	verified_from_release_table	
fig3g_retention_h5	fig3_component_necessity	Mean three-gene retention after scrambling H5	0.2938948490729199	fraction	ALL_FOLDS	n=8 seeds	outputs/source_data/Figure3G_component_necessity.tsv	verified_from_release_table	
fig3g_retention_h6	fig3_component_necessity	Mean three-gene retention after scrambling H6	0.9073029923467096	fraction	ALL_FOLDS	n=8 seeds	outputs/source_data/Figure3G_component_necessity.tsv	verified_from_release_table	
fig3g_retention_c_ebp	fig3_component_necessity	Mean three-gene retention after scrambling C/EBP	0.0559896508747781	fraction	ALL_FOLDS	n=8 seeds	outputs/source_data/Figure3G_component_necessity.tsv	verified_from_release_table	
fig3g_retention_upstream_arm	fig3_component_necessity	Mean three-gene retention after scrambling upstream_arm	0.0232732317608205	fraction	ALL_FOLDS	n=8 seeds	outputs/source_data/Figure3G_component_necessity.tsv	verified_from_release_table	
fig3g_retention_downstream_arm	fig3_component_necessity	Mean three-gene retention after scrambling downstream_arm	0.6582787029400173	fraction	ALL_FOLDS	n=8 seeds	outputs/source_data/Figure3G_component_necessity.tsv	verified_from_release_table	
fig3g_retention_both_arms	fig3_component_necessity	Mean three-gene retention after scrambling both_arms	0.0210860817074826	fraction	ALL_FOLDS	n=8 seeds	outputs/source_data/Figure3G_component_necessity.tsv	verified_from_release_table	
fig3e_upstream_protected_only	fig3_directional_recovery	Three-gene mean retention, upstream restoration, protected_only	0.0197896617038047	fraction	ALL_FOLDS	8 frozen scramble seeds	outputs/source_data/Figure3E_directional_recovery.tsv	verified_from_release_table	Native sequence restored: 0 bp
fig3e_upstream_maximum	fig3_directional_recovery	Three-gene mean retention, upstream restoration, maximum	0.4904992686703576	fraction	ALL_FOLDS	8 frozen scramble seeds	outputs/source_data/Figure3E_directional_recovery.tsv	verified_from_release_table	Native sequence restored: 800 bp
fig3e_downstream_protected_only	fig3_directional_recovery	Three-gene mean retention, downstream restoration, protected_only	0.0197896617038047	fraction	ALL_FOLDS	8 frozen scramble seeds	outputs/source_data/Figure3E_directional_recovery.tsv	verified_from_release_table	Native sequence restored: 0 bp
fig3e_downstream_maximum	fig3_directional_recovery	Three-gene mean retention, downstream restoration, maximum	0.0378633833342179	fraction	ALL_FOLDS	8 frozen scramble seeds	outputs/source_data/Figure3E_directional_recovery.tsv	verified_from_release_table	Native sequence restored: 10 bp
figs7_direction_agreement_all_genes	figs7_hotspot_heldout_audit	ALL_FOLDS/FOLD_0 direction agreement across gene-window comparisons	19	of 21 comparisons	ALL_FOLDS;FOLD_0	7 windows x 3 genes	outputs/source_data/FigureS7_native_sequence_audit.tsv	verified_from_release_table	
figs7_sort1_direction_agreement	figs7_hotspot_heldout_audit	ALL_FOLDS/FOLD_0 direction agreement across SORT1 windows	6	of 7 windows	ALL_FOLDS;FOLD_0	7 frozen windows	outputs/source_data/FigureS7_native_sequence_audit.tsv	verified_from_release_table	
figs7_sort1_rank_concordance	figs7_hotspot_heldout_audit	ALL_FOLDS/FOLD_0 SORT1 window-rank concordance	0.9642857142857145	Spearman rho	ALL_FOLDS;FOLD_0	7 frozen windows	outputs/source_data/FigureS7_native_sequence_audit.tsv	verified_from_release_table	
fig4b_30bp_rs127_major	fig4_transfer_distance	Mean RNA change at 30 bp, rs127_major	0.0114672593744251	AlphaGenome RNA delta	ALL_FOLDS	n=100 recipients	outputs/source_data/Figure4B_distance_response.tsv	verified_from_release_table	
fig4b_30bp_rs127_minor	fig4_transfer_distance	Mean RNA change at 30 bp, rs127_minor	0.2154871764305343	AlphaGenome RNA delta	ALL_FOLDS	n=100 recipients	outputs/source_data/Figure4B_distance_response.tsv	verified_from_release_table	
fig4b_30bp_scrambled_control	fig4_transfer_distance	Mean RNA change at 30 bp, scrambled_control	-0.0006436289100528	AlphaGenome RNA delta	ALL_FOLDS	n=100 recipients	outputs/source_data/Figure4B_distance_response.tsv	verified_from_release_table	
fig4c_median_bottom500_rs127_major	fig4_foldchange_cohorts	Median log2 construct/native effect, bottom500, rs127_major	2.94231430714761	log2 fold change	ALL_FOLDS	n=498 recipients	outputs/source_data/Figure4C_foldchange_cohorts/Figure4C_fold_change_summary.csv	verified_from_release_table	
fig4c_fraction_up_bottom500_rs127_major	fig4_foldchange_cohorts	Fraction above native, bottom500, rs127_major	0.9658634538152612	fraction	ALL_FOLDS	n=498 recipients	outputs/source_data/Figure4C_foldchange_cohorts/Figure4C_fold_change_summary.csv	verified_from_release_table	
fig4c_median_bottom500_rs127_minor	fig4_foldchange_cohorts	Median log2 construct/native effect, bottom500, rs127_minor	7.121316094436047	log2 fold change	ALL_FOLDS	n=498 recipients	outputs/source_data/Figure4C_foldchange_cohorts/Figure4C_fold_change_summary.csv	verified_from_release_table	
fig4c_fraction_up_bottom500_rs127_minor	fig4_foldchange_cohorts	Fraction above native, bottom500, rs127_minor	0.9919678714859438	fraction	ALL_FOLDS	n=498 recipients	outputs/source_data/Figure4C_foldchange_cohorts/Figure4C_fold_change_summary.csv	verified_from_release_table	
fig4c_median_bottom500_scrambled_control	fig4_foldchange_cohorts	Median log2 construct/native effect, bottom500, scrambled_control	-0.234271347675439	log2 fold change	ALL_FOLDS	n=498 recipients	outputs/source_data/Figure4C_foldchange_cohorts/Figure4C_fold_change_summary.csv	verified_from_release_table	
fig4c_fraction_up_bottom500_scrambled_control	fig4_foldchange_cohorts	Fraction above native, bottom500, scrambled_control	0.3554216867469879	fraction	ALL_FOLDS	n=498 recipients	outputs/source_data/Figure4C_foldchange_cohorts/Figure4C_fold_change_summary.csv	verified_from_release_table	
fig4c_median_middle500_rs127_major	fig4_foldchange_cohorts	Median log2 construct/native effect, middle500, rs127_major	0.3833518216634279	log2 fold change	ALL_FOLDS	n=486 recipients	outputs/source_data/Figure4C_foldchange_cohorts/Figure4C_fold_change_summary.csv	verified_from_release_table	
fig4c_fraction_up_middle500_rs127_major	fig4_foldchange_cohorts	Fraction above native, middle500, rs127_major	0.7530864197530864	fraction	ALL_FOLDS	n=486 recipients	outputs/source_data/Figure4C_foldchange_cohorts/Figure4C_fold_change_summary.csv	verified_from_release_table	
fig4c_median_middle500_rs127_minor	fig4_foldchange_cohorts	Median log2 construct/native effect, middle500, rs127_minor	1.6278843282531938	log2 fold change	ALL_FOLDS	n=486 recipients	outputs/source_data/Figure4C_foldchange_cohorts/Figure4C_fold_change_summary.csv	verified_from_release_table	
fig4c_fraction_up_middle500_rs127_minor	fig4_foldchange_cohorts	Fraction above native, middle500, rs127_minor	0.9670781893004116	fraction	ALL_FOLDS	n=486 recipients	outputs/source_data/Figure4C_foldchange_cohorts/Figure4C_fold_change_summary.csv	verified_from_release_table	
fig4c_median_middle500_scrambled_control	fig4_foldchange_cohorts	Median log2 construct/native effect, middle500, scrambled_control	-0.201271138791332	log2 fold change	ALL_FOLDS	n=486 recipients	outputs/source_data/Figure4C_foldchange_cohorts/Figure4C_fold_change_summary.csv	verified_from_release_table	
fig4c_fraction_up_middle500_scrambled_control	fig4_foldchange_cohorts	Fraction above native, middle500, scrambled_control	0.3148148148148148	fraction	ALL_FOLDS	n=486 recipients	outputs/source_data/Figure4C_foldchange_cohorts/Figure4C_fold_change_summary.csv	verified_from_release_table	
fig4c_median_top500_rs127_major	fig4_foldchange_cohorts	Median log2 construct/native effect, top500, rs127_major	-0.0658016511290641	log2 fold change	ALL_FOLDS	n=487 recipients	outputs/source_data/Figure4C_foldchange_cohorts/Figure4C_fold_change_summary.csv	verified_from_release_table	
fig4c_fraction_up_top500_rs127_major	fig4_foldchange_cohorts	Fraction above native, top500, rs127_major	0.4579055441478439	fraction	ALL_FOLDS	n=487 recipients	outputs/source_data/Figure4C_foldchange_cohorts/Figure4C_fold_change_summary.csv	verified_from_release_table	
fig4c_median_top500_rs127_minor	fig4_foldchange_cohorts	Median log2 construct/native effect, top500, rs127_minor	0.6659206999421342	log2 fold change	ALL_FOLDS	n=487 recipients	outputs/source_data/Figure4C_foldchange_cohorts/Figure4C_fold_change_summary.csv	verified_from_release_table	
fig4c_fraction_up_top500_rs127_minor	fig4_foldchange_cohorts	Fraction above native, top500, rs127_minor	0.8193018480492813	fraction	ALL_FOLDS	n=487 recipients	outputs/source_data/Figure4C_foldchange_cohorts/Figure4C_fold_change_summary.csv	verified_from_release_table	
fig4c_median_top500_scrambled_control	fig4_foldchange_cohorts	Median log2 construct/native effect, top500, scrambled_control	-0.7791821635086359	log2 fold change	ALL_FOLDS	n=487 recipients	outputs/source_data/Figure4C_foldchange_cohorts/Figure4C_fold_change_summary.csv	verified_from_release_table	
fig4c_fraction_up_top500_scrambled_control	fig4_foldchange_cohorts	Fraction above native, top500, scrambled_control	0.1006160164271047	fraction	ALL_FOLDS	n=487 recipients	outputs/source_data/Figure4C_foldchange_cohorts/Figure4C_fold_change_summary.csv	verified_from_release_table	
fig4e_positive_50_150	fig4_distance_fraction_positive	High-contact site stronger fraction, 50–150	0.7086092715231788	fraction	ALL_FOLDS	n=151 promoters	outputs/source_data/Figure4E_distance_fraction_positive/plot_distance_band_bootstrap.tsv	verified_from_release_table	95% bootstrap CI 0.630562 to 0.784324
fig4e_positive_150_300	fig4_distance_fraction_positive	High-contact site stronger fraction, 150–300	0.60062893081761	fraction	ALL_FOLDS	n=318 promoters	outputs/source_data/Figure4E_distance_fraction_positive/plot_distance_band_bootstrap.tsv	verified_from_release_table	95% bootstrap CI 0.544578 to 0.654842
fig4e_positive_300_500	fig4_distance_fraction_positive	High-contact site stronger fraction, 300–500	0.5558659217877095	fraction	ALL_FOLDS	n=358 promoters	outputs/source_data/Figure4E_distance_fraction_positive/plot_distance_band_bootstrap.tsv	verified_from_release_table	95% bootstrap CI 0.505647 to 0.607957
fig4e_positive_500_750	fig4_distance_fraction_positive	High-contact site stronger fraction, 500–750	0.5330396475770925	fraction	ALL_FOLDS	n=454 promoters	outputs/source_data/Figure4E_distance_fraction_positive/plot_distance_band_bootstrap.tsv	verified_from_release_table	95% bootstrap CI 0.486783 to 0.577436
fig4e_positive_750_1,000	fig4_distance_fraction_positive	High-contact site stronger fraction, 750–1,000	0.4887737478411053	fraction	ALL_FOLDS	n=579 promoters	outputs/source_data/Figure4E_distance_fraction_positive/plot_distance_band_bootstrap.tsv	verified_from_release_table	95% bootstrap CI 0.447322 to 0.529516
fig4f_fraction_50_150_q1	fig4_contact_dose_response	High-contact site stronger fraction, 50–150, contact quintile 1	0.5483870967741935	fraction	ALL_FOLDS	n=31 promoters	outputs/source_data/Figure4F_contact_dose_response.tsv	verified_from_release_table	Median observed contact contrast 0.941804; 95% bootstrap CI 0.354839 to 0.741935
fig4f_fraction_50_150_q2	fig4_contact_dose_response	High-contact site stronger fraction, 50–150, contact quintile 2	0.6666666666666666	fraction	ALL_FOLDS	n=30 promoters	outputs/source_data/Figure4F_contact_dose_response.tsv	verified_from_release_table	Median observed contact contrast 1.64491; 95% bootstrap CI 0.516129 to 0.827586
fig4f_fraction_50_150_q3	fig4_contact_dose_response	High-contact site stronger fraction, 50–150, contact quintile 3	0.7333333333333333	fraction	ALL_FOLDS	n=30 promoters	outputs/source_data/Figure4F_contact_dose_response.tsv	verified_from_release_table	Median observed contact contrast 2.07768; 95% bootstrap CI 0.517241 to 0.912048
fig4f_fraction_50_150_q4	fig4_contact_dose_response	High-contact site stronger fraction, 50–150, contact quintile 4	0.7333333333333333	fraction	ALL_FOLDS	n=30 promoters	outputs/source_data/Figure4F_contact_dose_response.tsv	verified_from_release_table	Median observed contact contrast 2.56176; 95% bootstrap CI 0.57131 to 0.882353
fig4f_fraction_50_150_q5	fig4_contact_dose_response	High-contact site stronger fraction, 50–150, contact quintile 5	0.8666666666666667	fraction	ALL_FOLDS	n=30 promoters	outputs/source_data/Figure4F_contact_dose_response.tsv	verified_from_release_table	Median observed contact contrast 4.32449; 95% bootstrap CI 0.724138 to 0.969697
fig4f_fraction_150_300_q1	fig4_contact_dose_response	High-contact site stronger fraction, 150–300, contact quintile 1	0.453125	fraction	ALL_FOLDS	n=64 promoters	outputs/source_data/Figure4F_contact_dose_response.tsv	verified_from_release_table	Median observed contact contrast 1.31972; 95% bootstrap CI 0.323065 to 0.580645
fig4f_fraction_150_300_q2	fig4_contact_dose_response	High-contact site stronger fraction, 150–300, contact quintile 2	0.6190476190476191	fraction	ALL_FOLDS	n=63 promoters	outputs/source_data/Figure4F_contact_dose_response.tsv	verified_from_release_table	Median observed contact contrast 1.87984; 95% bootstrap CI 0.492063 to 0.741393
fig4f_fraction_150_300_q3	fig4_contact_dose_response	High-contact site stronger fraction, 150–300, contact quintile 3	0.625	fraction	ALL_FOLDS	n=64 promoters	outputs/source_data/Figure4F_contact_dose_response.tsv	verified_from_release_table	Median observed contact contrast 2.56786; 95% bootstrap CI 0.507937 to 0.739201
fig4f_fraction_150_300_q4	fig4_contact_dose_response	High-contact site stronger fraction, 150–300, contact quintile 4	0.6984126984126984	fraction	ALL_FOLDS	n=63 promoters	outputs/source_data/Figure4F_contact_dose_response.tsv	verified_from_release_table	Median observed contact contrast 3.32193; 95% bootstrap CI 0.578125 to 0.816667
fig4f_fraction_150_300_q5	fig4_contact_dose_response	High-contact site stronger fraction, 150–300, contact quintile 5	0.609375	fraction	ALL_FOLDS	n=64 promoters	outputs/source_data/Figure4F_contact_dose_response.tsv	verified_from_release_table	Median observed contact contrast 5.89298; 95% bootstrap CI 0.469697 to 0.746032
fig4f_fraction_300_500_q1	fig4_contact_dose_response	High-contact site stronger fraction, 300–500, contact quintile 1	0.4305555555555556	fraction	ALL_FOLDS	n=72 promoters	outputs/source_data/Figure4F_contact_dose_response.tsv	verified_from_release_table	Median observed contact contrast 1.72566; 95% bootstrap CI 0.315068 to 0.549296
fig4f_fraction_300_500_q2	fig4_contact_dose_response	High-contact site stronger fraction, 300–500, contact quintile 2	0.4647887323943662	fraction	ALL_FOLDS	n=71 promoters	outputs/source_data/Figure4F_contact_dose_response.tsv	verified_from_release_table	Median observed contact contrast 2.293; 95% bootstrap CI 0.357143 to 0.571429
fig4f_fraction_300_500_q3	fig4_contact_dose_response	High-contact site stronger fraction, 300–500, contact quintile 3	0.5694444444444444	fraction	ALL_FOLDS	n=72 promoters	outputs/source_data/Figure4F_contact_dose_response.tsv	verified_from_release_table	Median observed contact contrast 2.9723; 95% bootstrap CI 0.450704 to 0.684211
fig4f_fraction_300_500_q4	fig4_contact_dose_response	High-contact site stronger fraction, 300–500, contact quintile 4	0.704225352112676	fraction	ALL_FOLDS	n=71 promoters	outputs/source_data/Figure4F_contact_dose_response.tsv	verified_from_release_table	Median observed contact contrast 3.94098; 95% bootstrap CI 0.6 to 0.8
fig4f_fraction_300_500_q5	fig4_contact_dose_response	High-contact site stronger fraction, 300–500, contact quintile 5	0.6111111111111112	fraction	ALL_FOLDS	n=72 promoters	outputs/source_data/Figure4F_contact_dose_response.tsv	verified_from_release_table	Median observed contact contrast 5.56241; 95% bootstrap CI 0.493151 to 0.728571
fig4f_fraction_500_750_q1	fig4_contact_dose_response	High-contact site stronger fraction, 500–750, contact quintile 1	0.5274725274725275	fraction	ALL_FOLDS	n=91 promoters	outputs/source_data/Figure4F_contact_dose_response.tsv	verified_from_release_table	Median observed contact contrast 2.13967; 95% bootstrap CI 0.417582 to 0.630435
fig4f_fraction_500_750_q2	fig4_contact_dose_response	High-contact site stronger fraction, 500–750, contact quintile 2	0.5274725274725275	fraction	ALL_FOLDS	n=91 promoters	outputs/source_data/Figure4F_contact_dose_response.tsv	verified_from_release_table	Median observed contact contrast 2.8384; 95% bootstrap CI 0.427083 to 0.630479
fig4f_fraction_500_750_q3	fig4_contact_dose_response	High-contact site stronger fraction, 500–750, contact quintile 3	0.4555555555555555	fraction	ALL_FOLDS	n=90 promoters	outputs/source_data/Figure4F_contact_dose_response.tsv	verified_from_release_table	Median observed contact contrast 3.61269; 95% bootstrap CI 0.348302 to 0.562518
fig4f_fraction_500_750_q4	fig4_contact_dose_response	High-contact site stronger fraction, 500–750, contact quintile 4	0.6153846153846154	fraction	ALL_FOLDS	n=91 promoters	outputs/source_data/Figure4F_contact_dose_response.tsv	verified_from_release_table	Median observed contact contrast 4.45802; 95% bootstrap CI 0.516484 to 0.712769
fig4f_fraction_500_750_q5	fig4_contact_dose_response	High-contact site stronger fraction, 500–750, contact quintile 5	0.5384615384615384	fraction	ALL_FOLDS	n=91 promoters	outputs/source_data/Figure4F_contact_dose_response.tsv	verified_from_release_table	Median observed contact contrast 7.17927; 95% bootstrap CI 0.434746 to 0.641343
fig4f_fraction_750_1000_q1	fig4_contact_dose_response	High-contact site stronger fraction, 750–1,000, contact quintile 1	0.5172413793103449	fraction	ALL_FOLDS	n=116 promoters	outputs/source_data/Figure4F_contact_dose_response.tsv	verified_from_release_table	Median observed contact contrast 2.47759; 95% bootstrap CI 0.428541 to 0.606838
fig4f_fraction_750_1000_q2	fig4_contact_dose_response	High-contact site stronger fraction, 750–1,000, contact quintile 2	0.5	fraction	ALL_FOLDS	n=116 promoters	outputs/source_data/Figure4F_contact_dose_response.tsv	verified_from_release_table	Median observed contact contrast 3.47264; 95% bootstrap CI 0.411765 to 0.589783
fig4f_fraction_750_1000_q3	fig4_contact_dose_response	High-contact site stronger fraction, 750–1,000, contact quintile 3	0.4521739130434782	fraction	ALL_FOLDS	n=115 promoters	outputs/source_data/Figure4F_contact_dose_response.tsv	verified_from_release_table	Median observed contact contrast 4.45014; 95% bootstrap CI 0.358333 to 0.543109
fig4f_fraction_750_1000_q4	fig4_contact_dose_response	High-contact site stronger fraction, 750–1,000, contact quintile 4	0.4827586206896552	fraction	ALL_FOLDS	n=116 promoters	outputs/source_data/Figure4F_contact_dose_response.tsv	verified_from_release_table	Median observed contact contrast 5.78468; 95% bootstrap CI 0.391278 to 0.57265
fig4f_fraction_750_1000_q5	fig4_contact_dose_response	High-contact site stronger fraction, 750–1,000, contact quintile 5	0.4913793103448275	fraction	ALL_FOLDS	n=116 promoters	outputs/source_data/Figure4F_contact_dose_response.tsv	verified_from_release_table	Median observed contact contrast 9.28284; 95% bootstrap CI 0.401709 to 0.581983
fig4g_liver_sort1	fig4_tissue_rna	rs12740374 liver RNA delta, SORT1	0.0490955586234728	AlphaGenome RNA delta	ALL_FOLDS	liver ontology	outputs/source_data/Figure4G_tissue_rna.tsv	verified_from_release_table	
fig4g_liver_psrc1	fig4_tissue_rna	rs12740374 liver RNA delta, PSRC1	0.6041401624679565	AlphaGenome RNA delta	ALL_FOLDS	liver ontology	outputs/source_data/Figure4G_tissue_rna.tsv	verified_from_release_table	
fig4g_liver_celsr2	fig4_tissue_rna	rs12740374 liver RNA delta, CELSR2	0.4160655339558919	AlphaGenome RNA delta	ALL_FOLDS	liver ontology	outputs/source_data/Figure4G_tissue_rna.tsv	verified_from_release_table	
figs1b_experimental_celsr2_percentile	figs1_tss_bin_contact	TSS-bin same-distance contact percentile, Experimental HepG2 Hi-C, CELSR2	50.58479532163743	percentile	EXPERIMENTAL	same-distance null n=513	outputs/source_data/FigureS1B_tss_bin_contact.tsv	verified_from_release_table	
figs1b_experimental_psrc1_percentile	figs1_tss_bin_contact	TSS-bin same-distance contact percentile, Experimental HepG2 Hi-C, PSRC1	42.81609195402299	percentile	EXPERIMENTAL	same-distance null n=522	outputs/source_data/FigureS1B_tss_bin_contact.tsv	verified_from_release_table	
figs1b_experimental_sort1_percentile	figs1_tss_bin_contact	TSS-bin same-distance contact percentile, Experimental HepG2 Hi-C, SORT1	99.6774193548387	percentile	EXPERIMENTAL	same-distance null n=465	outputs/source_data/FigureS1B_tss_bin_contact.tsv	verified_from_release_table	
figs1b_fold_0_celsr2_percentile	figs1_tss_bin_contact	TSS-bin same-distance contact percentile, AlphaGenome FOLD_0, CELSR2	95.6	percentile	FOLD_0	same-distance null n=500	outputs/source_data/FigureS1B_tss_bin_contact.tsv	verified_from_release_table	
figs1b_fold_0_psrc1_percentile	figs1_tss_bin_contact	TSS-bin same-distance contact percentile, AlphaGenome FOLD_0, PSRC1	22.485207100591715	percentile	FOLD_0	same-distance null n=507	outputs/source_data/FigureS1B_tss_bin_contact.tsv	verified_from_release_table	
figs1b_fold_0_sort1_percentile	figs1_tss_bin_contact	TSS-bin same-distance contact percentile, AlphaGenome FOLD_0, SORT1	99.77827050997784	percentile	FOLD_0	same-distance null n=451	outputs/source_data/FigureS1B_tss_bin_contact.tsv	verified_from_release_table	
figs1c_percent_change_celsr2	figs1_contact_allele_delta	ALT versus REF promoter-contact change, CELSR2	1.1129181998750015	percent	ALL_FOLDS	CELSR2	outputs/source_data/FigureS1C_contact_allele_delta/panelB_promoter_allele_delta.tsv	verified_from_release_table	
figs1c_percent_change_psrc1	figs1_contact_allele_delta	ALT versus REF promoter-contact change, PSRC1	0.1791968242906172	percent	ALL_FOLDS	PSRC1	outputs/source_data/FigureS1C_contact_allele_delta/panelB_promoter_allele_delta.tsv	verified_from_release_table	
figs1c_percent_change_sort1	figs1_contact_allele_delta	ALT versus REF promoter-contact change, SORT1	1.5747708586685727	percent	ALL_FOLDS	SORT1	outputs/source_data/FigureS1C_contact_allele_delta/panelB_promoter_allele_delta.tsv	verified_from_release_table	
figs1d_sort1_highest_contexts	figs1_contact_contexts	Contexts in which SORT1 had the highest same-distance contact percentile	12	of 12 ontologies	ALL_FOLDS	n=12 ontologies	outputs/source_data/FigureS1D_contact_contexts.tsv	verified_from_release_table	
figs2_rank_concordance_celsr2	figs2_eqtl_fold0	ALL_FOLDS versus FOLD_0 direct-score rank concordance, CELSR2	0.26942786942786945	Spearman rho	ALL_FOLDS;FOLD_0	n=111 variants	outputs/source_data/FigureS2_eqtl_fold0/figureS1C_all_folds_vs_fold0_source.tsv	verified_from_release_table	
figs2_rs127_all_folds_celsr2	figs2_eqtl_fold0	rs12740374 direct score, CELSR2, ALL_FOLDS	0.4187856515	GeneMaskLFCScorer value	ALL_FOLDS	rs12740374	outputs/source_data/FigureS2_eqtl_fold0/figureS1C_all_folds_vs_fold0_source.tsv	verified_from_release_table	
figs2_rs127_fold_0_celsr2	figs2_eqtl_fold0	rs12740374 direct score, CELSR2, FOLD_0	0.4105810324	GeneMaskLFCScorer value	FOLD_0	rs12740374	outputs/source_data/FigureS2_eqtl_fold0/figureS1C_all_folds_vs_fold0_source.tsv	verified_from_release_table	
figs2_rank_concordance_psrc1	figs2_eqtl_fold0	ALL_FOLDS versus FOLD_0 direct-score rank concordance, PSRC1	0.01720779220779221	Spearman rho	ALL_FOLDS;FOLD_0	n=111 variants	outputs/source_data/FigureS2_eqtl_fold0/figureS1C_all_folds_vs_fold0_source.tsv	verified_from_release_table	
figs2_rs127_all_folds_psrc1	figs2_eqtl_fold0	rs12740374 direct score, PSRC1, ALL_FOLDS	0.604738156	GeneMaskLFCScorer value	ALL_FOLDS	rs12740374	outputs/source_data/FigureS2_eqtl_fold0/figureS1C_all_folds_vs_fold0_source.tsv	verified_from_release_table	
figs2_rs127_fold_0_psrc1	figs2_eqtl_fold0	rs12740374 direct score, PSRC1, FOLD_0	0.2956922849	GeneMaskLFCScorer value	FOLD_0	rs12740374	outputs/source_data/FigureS2_eqtl_fold0/figureS1C_all_folds_vs_fold0_source.tsv	verified_from_release_table	
figs2_rank_concordance_sort1	figs2_eqtl_fold0	ALL_FOLDS versus FOLD_0 direct-score rank concordance, SORT1	0.4174447174447174	Spearman rho	ALL_FOLDS;FOLD_0	n=111 variants	outputs/source_data/FigureS2_eqtl_fold0/figureS1C_all_folds_vs_fold0_source.tsv	verified_from_release_table	
figs2_rs127_all_folds_sort1	figs2_eqtl_fold0	rs12740374 direct score, SORT1, ALL_FOLDS	0.04881983437	GeneMaskLFCScorer value	ALL_FOLDS	rs12740374	outputs/source_data/FigureS2_eqtl_fold0/figureS1C_all_folds_vs_fold0_source.tsv	verified_from_release_table	
figs2_rs127_fold_0_sort1	figs2_eqtl_fold0	rs12740374 direct score, SORT1, FOLD_0	0.02000560363	GeneMaskLFCScorer value	FOLD_0	rs12740374	outputs/source_data/FigureS2_eqtl_fold0/figureS1C_all_folds_vs_fold0_source.tsv	verified_from_release_table	
figs3_driver_peak15120_all_folds_direct_pearson_r	figs3_caqtl_locus	Observed caQTL versus direct model pearson_r, driver_peak15120, ALL_FOLDS	0.143873822815646	Pearson r	ALL_FOLDS	n=80 variants	outputs/source_data/FigureS3_caqtl_locus/figureS2_correlations.tsv	verified_from_release_table	
figs3_driver_peak15120_all_folds_direct_spearman_rho	figs3_caqtl_locus	Observed caQTL versus direct model spearman_rho, driver_peak15120, ALL_FOLDS	-0.0522703830788715	Spearman rho	ALL_FOLDS	n=80 variants	outputs/source_data/FigureS3_caqtl_locus/figureS2_correlations.tsv	verified_from_release_table	
figs3_driver_peak15120_all_folds_tagging_pearson_r	figs3_caqtl_locus	Observed caQTL versus tagging model pearson_r, driver_peak15120, ALL_FOLDS	0.9163633006842172	Pearson r	ALL_FOLDS	n=80 variants	outputs/source_data/FigureS3_caqtl_locus/figureS2_correlations.tsv	verified_from_release_table	Tagging results assume rs12740374 is the driver and are explanatory, not an independent causal test.
figs3_driver_peak15120_all_folds_tagging_spearman_rho	figs3_caqtl_locus	Observed caQTL versus tagging model spearman_rho, driver_peak15120, ALL_FOLDS	0.9173723730563202	Spearman rho	ALL_FOLDS	n=80 variants	outputs/source_data/FigureS3_caqtl_locus/figureS2_correlations.tsv	verified_from_release_table	Tagging results assume rs12740374 is the driver and are explanatory, not an independent causal test.
figs3_driver_peak15120_fold_0_direct_pearson_r	figs3_caqtl_locus	Observed caQTL versus direct model pearson_r, driver_peak15120, FOLD_0	0.1534989818359775	Pearson r	FOLD_0	n=80 variants	outputs/source_data/FigureS3_caqtl_locus/figureS2_correlations.tsv	verified_from_release_table	
figs3_driver_peak15120_fold_0_direct_spearman_rho	figs3_caqtl_locus	Observed caQTL versus direct model spearman_rho, driver_peak15120, FOLD_0	-0.1176580906377331	Spearman rho	FOLD_0	n=80 variants	outputs/source_data/FigureS3_caqtl_locus/figureS2_correlations.tsv	verified_from_release_table	
figs3_driver_peak15120_fold_0_tagging_pearson_r	figs3_caqtl_locus	Observed caQTL versus tagging model pearson_r, driver_peak15120, FOLD_0	0.9194315897075964	Pearson r	FOLD_0	n=80 variants	outputs/source_data/FigureS3_caqtl_locus/figureS2_correlations.tsv	verified_from_release_table	Tagging results assume rs12740374 is the driver and are explanatory, not an independent causal test.
figs3_driver_peak15120_fold_0_tagging_spearman_rho	figs3_caqtl_locus	Observed caQTL versus tagging model spearman_rho, driver_peak15120, FOLD_0	0.9227054563448152	Spearman rho	FOLD_0	n=80 variants	outputs/source_data/FigureS3_caqtl_locus/figureS2_correlations.tsv	verified_from_release_table	Tagging results assume rs12740374 is the driver and are explanatory, not an independent causal test.
figs3_focal5_ivw_all_folds_direct_pearson_r	figs3_caqtl_locus	Observed caQTL versus direct model pearson_r, focal5_ivw, ALL_FOLDS	0.1648705357594597	Pearson r	ALL_FOLDS	n=80 variants	outputs/source_data/FigureS3_caqtl_locus/figureS2_correlations.tsv	verified_from_release_table	
figs3_focal5_ivw_all_folds_direct_spearman_rho	figs3_caqtl_locus	Observed caQTL versus direct model spearman_rho, focal5_ivw, ALL_FOLDS	-0.0674777594334284	Spearman rho	ALL_FOLDS	n=80 variants	outputs/source_data/FigureS3_caqtl_locus/figureS2_correlations.tsv	verified_from_release_table	
figs3_focal5_ivw_all_folds_tagging_pearson_r	figs3_caqtl_locus	Observed caQTL versus tagging model pearson_r, focal5_ivw, ALL_FOLDS	0.9163889476189708	Pearson r	ALL_FOLDS	n=80 variants	outputs/source_data/FigureS3_caqtl_locus/figureS2_correlations.tsv	verified_from_release_table	Tagging results assume rs12740374 is the driver and are explanatory, not an independent causal test.
figs3_focal5_ivw_all_folds_tagging_spearman_rho	figs3_caqtl_locus	Observed caQTL versus tagging model spearman_rho, focal5_ivw, ALL_FOLDS	0.8887039591238767	Spearman rho	ALL_FOLDS	n=80 variants	outputs/source_data/FigureS3_caqtl_locus/figureS2_correlations.tsv	verified_from_release_table	Tagging results assume rs12740374 is the driver and are explanatory, not an independent causal test.
figs3_focal5_ivw_fold_0_direct_pearson_r	figs3_caqtl_locus	Observed caQTL versus direct model pearson_r, focal5_ivw, FOLD_0	0.1746193196149612	Pearson r	FOLD_0	n=80 variants	outputs/source_data/FigureS3_caqtl_locus/figureS2_correlations.tsv	verified_from_release_table	
figs3_focal5_ivw_fold_0_direct_spearman_rho	figs3_caqtl_locus	Observed caQTL versus direct model spearman_rho, focal5_ivw, FOLD_0	-0.087240376957561	Spearman rho	FOLD_0	n=80 variants	outputs/source_data/FigureS3_caqtl_locus/figureS2_correlations.tsv	verified_from_release_table	
figs3_focal5_ivw_fold_0_tagging_pearson_r	figs3_caqtl_locus	Observed caQTL versus tagging model pearson_r, focal5_ivw, FOLD_0	0.9194806282439592	Pearson r	FOLD_0	n=80 variants	outputs/source_data/FigureS3_caqtl_locus/figureS2_correlations.tsv	verified_from_release_table	Tagging results assume rs12740374 is the driver and are explanatory, not an independent causal test.
figs3_focal5_ivw_fold_0_tagging_spearman_rho	figs3_caqtl_locus	Observed caQTL versus tagging model spearman_rho, focal5_ivw, FOLD_0	0.8941307472997935	Spearman rho	FOLD_0	n=80 variants	outputs/source_data/FigureS3_caqtl_locus/figureS2_correlations.tsv	verified_from_release_table	Tagging results assume rs12740374 is the driver and are explanatory, not an independent causal test.
figs3_set539_ivw_all_folds_direct_pearson_r	figs3_caqtl_locus	Observed caQTL versus direct model pearson_r, set539_ivw, ALL_FOLDS	0.1694243606468028	Pearson r	ALL_FOLDS	n=80 variants	outputs/source_data/FigureS3_caqtl_locus/figureS2_correlations.tsv	verified_from_release_table	
figs3_set539_ivw_all_folds_direct_spearman_rho	figs3_caqtl_locus	Observed caQTL versus direct model spearman_rho, set539_ivw, ALL_FOLDS	-0.0349285605543888	Spearman rho	ALL_FOLDS	n=80 variants	outputs/source_data/FigureS3_caqtl_locus/figureS2_correlations.tsv	verified_from_release_table	
figs3_set539_ivw_all_folds_tagging_pearson_r	figs3_caqtl_locus	Observed caQTL versus tagging model pearson_r, set539_ivw, ALL_FOLDS	0.9106419862026202	Pearson r	ALL_FOLDS	n=80 variants	outputs/source_data/FigureS3_caqtl_locus/figureS2_correlations.tsv	verified_from_release_table	Tagging results assume rs12740374 is the driver and are explanatory, not an independent causal test.
figs3_set539_ivw_all_folds_tagging_spearman_rho	figs3_caqtl_locus	Observed caQTL versus tagging model spearman_rho, set539_ivw, ALL_FOLDS	0.8744981982832483	Spearman rho	ALL_FOLDS	n=80 variants	outputs/source_data/FigureS3_caqtl_locus/figureS2_correlations.tsv	verified_from_release_table	Tagging results assume rs12740374 is the driver and are explanatory, not an independent causal test.
figs3_set539_ivw_fold_0_direct_pearson_r	figs3_caqtl_locus	Observed caQTL versus direct model pearson_r, set539_ivw, FOLD_0	0.1769198609555808	Pearson r	FOLD_0	n=80 variants	outputs/source_data/FigureS3_caqtl_locus/figureS2_correlations.tsv	verified_from_release_table	
figs3_set539_ivw_fold_0_direct_spearman_rho	figs3_caqtl_locus	Observed caQTL versus direct model spearman_rho, set539_ivw, FOLD_0	-0.0951169768924637	Spearman rho	FOLD_0	n=80 variants	outputs/source_data/FigureS3_caqtl_locus/figureS2_correlations.tsv	verified_from_release_table	
figs3_set539_ivw_fold_0_tagging_pearson_r	figs3_caqtl_locus	Observed caQTL versus tagging model pearson_r, set539_ivw, FOLD_0	0.9128774807987702	Pearson r	FOLD_0	n=80 variants	outputs/source_data/FigureS3_caqtl_locus/figureS2_correlations.tsv	verified_from_release_table	Tagging results assume rs12740374 is the driver and are explanatory, not an independent causal test.
figs3_set539_ivw_fold_0_tagging_spearman_rho	figs3_caqtl_locus	Observed caQTL versus tagging model spearman_rho, set539_ivw, FOLD_0	0.8777448944489695	Spearman rho	FOLD_0	n=80 variants	outputs/source_data/FigureS3_caqtl_locus/figureS2_correlations.tsv	verified_from_release_table	Tagging results assume rs12740374 is the driver and are explanatory, not an independent causal test.
figs4a_total_reads	figs4_human_repair_depth	total reads	51370	reads	EXPERIMENTAL	primary human hepatocytes	outputs/source_data/FigureS4A_sequencing_depth.tsv	verified_from_release_table	
figs4a_modeled_simple_indel_reads	figs4_human_repair_depth	modeled simple indel reads	1396	reads	EXPERIMENTAL	primary human hepatocytes	outputs/source_data/FigureS4A_sequencing_depth.tsv	verified_from_release_table	
figs4a_editing_fraction_percent	figs4_human_repair_depth	editing fraction percent	2.79929920186879	percent	EXPERIMENTAL	primary human hepatocytes	outputs/source_data/FigureS4A_sequencing_depth.tsv	verified_from_release_table	
figs4a_modeled_indel_coverage_percent	figs4_human_repair_depth	modeled indel coverage percent	97.07927677329624	percent	EXPERIMENTAL	primary human hepatocytes	outputs/source_data/FigureS4A_sequencing_depth.tsv	verified_from_release_table	
figs4b_weighted_sort1	figs4_human_repair_weighted	Conditional frequency-weighted RNA change, SORT1	2.566864132192837	percent	ALL_FOLDS	n=24 human repair products	outputs/source_data/FigureS4B_freqweighted_heatmap/FigureS4B_frequency_weighted_all_repair_outcomes_summary.csv	verified_from_release_table	Conditioned on the 1,396 modeled simple-indel reads; not multiplied by the bulk editing fraction.
figs4b_weighted_psrc1	figs4_human_repair_weighted	Conditional frequency-weighted RNA change, PSRC1	6.385212998283218	percent	ALL_FOLDS	n=24 human repair products	outputs/source_data/FigureS4B_freqweighted_heatmap/FigureS4B_frequency_weighted_all_repair_outcomes_summary.csv	verified_from_release_table	Conditioned on the 1,396 modeled simple-indel reads; not multiplied by the bulk editing fraction.
figs4b_weighted_celsr2	figs4_human_repair_weighted	Conditional frequency-weighted RNA change, CELSR2	-2.22995745170565	percent	ALL_FOLDS	n=24 human repair products	outputs/source_data/FigureS4B_freqweighted_heatmap/FigureS4B_frequency_weighted_all_repair_outcomes_summary.csv	verified_from_release_table	Conditioned on the 1,396 modeled simple-indel reads; not multiplied by the bulk editing fraction.
figs5_rna_substitutions_all_folds_three_gene_mean_pearson	figs5_kircher_model_exposure	Kircher versus AlphaGenome Pearson r, RNA_substitutions, three_gene_mean, ALL_FOLDS	0.8437932466212431	Pearson r	ALL_FOLDS	n=1790 edits	outputs/source_data/FigureS5A_RNA_substitutions.tsv	verified_from_release_table	
figs5_rna_substitutions_all_folds_three_gene_mean_spearman	figs5_kircher_model_exposure	Kircher versus AlphaGenome Spearman rho, RNA_substitutions, three_gene_mean, ALL_FOLDS	0.6722434449908257	Spearman rho	ALL_FOLDS	n=1790 edits	outputs/source_data/FigureS5A_RNA_substitutions.tsv	verified_from_release_table	
figs5_rna_substitutions_all_folds_sort1_pearson	figs5_kircher_model_exposure	Kircher versus AlphaGenome Pearson r, RNA_substitutions, SORT1, ALL_FOLDS	0.786970835611819	Pearson r	ALL_FOLDS	n=1790 edits	outputs/source_data/FigureS5A_RNA_substitutions.tsv	verified_from_release_table	
figs5_rna_substitutions_all_folds_sort1_spearman	figs5_kircher_model_exposure	Kircher versus AlphaGenome Spearman rho, RNA_substitutions, SORT1, ALL_FOLDS	0.5486185437090277	Spearman rho	ALL_FOLDS	n=1790 edits	outputs/source_data/FigureS5A_RNA_substitutions.tsv	verified_from_release_table	
figs5_rna_substitutions_all_folds_psrc1_pearson	figs5_kircher_model_exposure	Kircher versus AlphaGenome Pearson r, RNA_substitutions, PSRC1, ALL_FOLDS	0.8250414596391265	Pearson r	ALL_FOLDS	n=1790 edits	outputs/source_data/FigureS5A_RNA_substitutions.tsv	verified_from_release_table	
figs5_rna_substitutions_all_folds_psrc1_spearman	figs5_kircher_model_exposure	Kircher versus AlphaGenome Spearman rho, RNA_substitutions, PSRC1, ALL_FOLDS	0.6452144469200912	Spearman rho	ALL_FOLDS	n=1790 edits	outputs/source_data/FigureS5A_RNA_substitutions.tsv	verified_from_release_table	
figs5_rna_substitutions_all_folds_celsr2_pearson	figs5_kircher_model_exposure	Kircher versus AlphaGenome Pearson r, RNA_substitutions, CELSR2, ALL_FOLDS	0.8469556605587512	Pearson r	ALL_FOLDS	n=1790 edits	outputs/source_data/FigureS5A_RNA_substitutions.tsv	verified_from_release_table	
figs5_rna_substitutions_all_folds_celsr2_spearman	figs5_kircher_model_exposure	Kircher versus AlphaGenome Spearman rho, RNA_substitutions, CELSR2, ALL_FOLDS	0.6683176211325252	Spearman rho	ALL_FOLDS	n=1790 edits	outputs/source_data/FigureS5A_RNA_substitutions.tsv	verified_from_release_table	
figs5_rna_substitutions_fold_0_three_gene_mean_pearson	figs5_kircher_model_exposure	Kircher versus AlphaGenome Pearson r, RNA_substitutions, three_gene_mean, FOLD_0	0.746714157143556	Pearson r	FOLD_0	n=1790 edits	outputs/source_data/FigureS5A_RNA_substitutions.tsv	verified_from_release_table	
figs5_rna_substitutions_fold_0_three_gene_mean_spearman	figs5_kircher_model_exposure	Kircher versus AlphaGenome Spearman rho, RNA_substitutions, three_gene_mean, FOLD_0	0.5418593582569563	Spearman rho	FOLD_0	n=1790 edits	outputs/source_data/FigureS5A_RNA_substitutions.tsv	verified_from_release_table	
figs5_rna_substitutions_fold_0_sort1_pearson	figs5_kircher_model_exposure	Kircher versus AlphaGenome Pearson r, RNA_substitutions, SORT1, FOLD_0	-0.16242421910219557	Pearson r	FOLD_0	n=1790 edits	outputs/source_data/FigureS5A_RNA_substitutions.tsv	verified_from_release_table	
figs5_rna_substitutions_fold_0_sort1_spearman	figs5_kircher_model_exposure	Kircher versus AlphaGenome Spearman rho, RNA_substitutions, SORT1, FOLD_0	-0.09119585354697492	Spearman rho	FOLD_0	n=1790 edits	outputs/source_data/FigureS5A_RNA_substitutions.tsv	verified_from_release_table	
figs5_rna_substitutions_fold_0_psrc1_pearson	figs5_kircher_model_exposure	Kircher versus AlphaGenome Pearson r, RNA_substitutions, PSRC1, FOLD_0	0.7291940182018296	Pearson r	FOLD_0	n=1790 edits	outputs/source_data/FigureS5A_RNA_substitutions.tsv	verified_from_release_table	
figs5_rna_substitutions_fold_0_psrc1_spearman	figs5_kircher_model_exposure	Kircher versus AlphaGenome Spearman rho, RNA_substitutions, PSRC1, FOLD_0	0.5189259570262732	Spearman rho	FOLD_0	n=1790 edits	outputs/source_data/FigureS5A_RNA_substitutions.tsv	verified_from_release_table	
figs5_rna_substitutions_fold_0_celsr2_pearson	figs5_kircher_model_exposure	Kircher versus AlphaGenome Pearson r, RNA_substitutions, CELSR2, FOLD_0	0.7421675659239275	Pearson r	FOLD_0	n=1790 edits	outputs/source_data/FigureS5A_RNA_substitutions.tsv	verified_from_release_table	
figs5_rna_substitutions_fold_0_celsr2_spearman	figs5_kircher_model_exposure	Kircher versus AlphaGenome Spearman rho, RNA_substitutions, CELSR2, FOLD_0	0.5351943551497678	Spearman rho	FOLD_0	n=1790 edits	outputs/source_data/FigureS5A_RNA_substitutions.tsv	verified_from_release_table	
figs5_atac_substitutions_all_folds_atac_pearson	figs5_kircher_model_exposure	Kircher versus AlphaGenome Pearson r, ATAC_substitutions, ATAC, ALL_FOLDS	0.8009484152084196	Pearson r	ALL_FOLDS	n=1790 edits	outputs/source_data/FigureS5B_ATAC_substitutions.tsv	verified_from_release_table	
figs5_atac_substitutions_all_folds_atac_spearman	figs5_kircher_model_exposure	Kircher versus AlphaGenome Spearman rho, ATAC_substitutions, ATAC, ALL_FOLDS	0.6410569328018599	Spearman rho	ALL_FOLDS	n=1790 edits	outputs/source_data/FigureS5B_ATAC_substitutions.tsv	verified_from_release_table	
figs5_atac_substitutions_fold_0_atac_pearson	figs5_kircher_model_exposure	Kircher versus AlphaGenome Pearson r, ATAC_substitutions, ATAC, FOLD_0	0.6849658162083893	Pearson r	FOLD_0	n=1790 edits	outputs/source_data/FigureS5B_ATAC_substitutions.tsv	verified_from_release_table	
figs5_atac_substitutions_fold_0_atac_spearman	figs5_kircher_model_exposure	Kircher versus AlphaGenome Spearman rho, ATAC_substitutions, ATAC, FOLD_0	0.5636192101423765	Spearman rho	FOLD_0	n=1790 edits	outputs/source_data/FigureS5B_ATAC_substitutions.tsv	verified_from_release_table	
figs5_h3k27ac_substitutions_all_folds_h3k27ac_pearson	figs5_kircher_model_exposure	Kircher versus AlphaGenome Pearson r, H3K27ac_substitutions, H3K27ac, ALL_FOLDS	0.833515670518741	Pearson r	ALL_FOLDS	n=1790 edits	outputs/source_data/FigureS5C_H3K27ac_substitutions.tsv	verified_from_release_table	
figs5_h3k27ac_substitutions_all_folds_h3k27ac_spearman	figs5_kircher_model_exposure	Kircher versus AlphaGenome Spearman rho, H3K27ac_substitutions, H3K27ac, ALL_FOLDS	0.6635965310330283	Spearman rho	ALL_FOLDS	n=1790 edits	outputs/source_data/FigureS5C_H3K27ac_substitutions.tsv	verified_from_release_table	
figs5_h3k27ac_substitutions_fold_0_h3k27ac_pearson	figs5_kircher_model_exposure	Kircher versus AlphaGenome Pearson r, H3K27ac_substitutions, H3K27ac, FOLD_0	0.7274996074372407	Pearson r	FOLD_0	n=1790 edits	outputs/source_data/FigureS5C_H3K27ac_substitutions.tsv	verified_from_release_table	
figs5_h3k27ac_substitutions_fold_0_h3k27ac_spearman	figs5_kircher_model_exposure	Kircher versus AlphaGenome Spearman rho, H3K27ac_substitutions, H3K27ac, FOLD_0	0.5632505956307725	Spearman rho	FOLD_0	n=1790 edits	outputs/source_data/FigureS5C_H3K27ac_substitutions.tsv	verified_from_release_table	
figs5_rna_deletions_all_folds_three_gene_mean_pearson	figs5_kircher_model_exposure	Kircher versus AlphaGenome Pearson r, RNA_deletions, three_gene_mean, ALL_FOLDS	0.805295733870154	Pearson r	ALL_FOLDS	n=126 edits	outputs/source_data/FigureS5D_RNA_deletions.tsv	verified_from_release_table	
figs5_rna_deletions_all_folds_three_gene_mean_spearman	figs5_kircher_model_exposure	Kircher versus AlphaGenome Spearman rho, RNA_deletions, three_gene_mean, ALL_FOLDS	0.5637927372432697	Spearman rho	ALL_FOLDS	n=126 edits	outputs/source_data/FigureS5D_RNA_deletions.tsv	verified_from_release_table	
figs5_rna_deletions_all_folds_sort1_pearson	figs5_kircher_model_exposure	Kircher versus AlphaGenome Pearson r, RNA_deletions, SORT1, ALL_FOLDS	0.7391426025351067	Pearson r	ALL_FOLDS	n=126 edits	outputs/source_data/FigureS5D_RNA_deletions.tsv	verified_from_release_table	
figs5_rna_deletions_all_folds_sort1_spearman	figs5_kircher_model_exposure	Kircher versus AlphaGenome Spearman rho, RNA_deletions, SORT1, ALL_FOLDS	0.48463640732426194	Spearman rho	ALL_FOLDS	n=126 edits	outputs/source_data/FigureS5D_RNA_deletions.tsv	verified_from_release_table	
figs5_rna_deletions_all_folds_psrc1_pearson	figs5_kircher_model_exposure	Kircher versus AlphaGenome Pearson r, RNA_deletions, PSRC1, ALL_FOLDS	0.7838091642858052	Pearson r	ALL_FOLDS	n=126 edits	outputs/source_data/FigureS5D_RNA_deletions.tsv	verified_from_release_table	
figs5_rna_deletions_all_folds_psrc1_spearman	figs5_kircher_model_exposure	Kircher versus AlphaGenome Spearman rho, RNA_deletions, PSRC1, ALL_FOLDS	0.5079390325113181	Spearman rho	ALL_FOLDS	n=126 edits	outputs/source_data/FigureS5D_RNA_deletions.tsv	verified_from_release_table	
figs5_rna_deletions_all_folds_celsr2_pearson	figs5_kircher_model_exposure	Kircher versus AlphaGenome Pearson r, RNA_deletions, CELSR2, ALL_FOLDS	0.8159279747052123	Pearson r	ALL_FOLDS	n=126 edits	outputs/source_data/FigureS5D_RNA_deletions.tsv	verified_from_release_table	
figs5_rna_deletions_all_folds_celsr2_spearman	figs5_kircher_model_exposure	Kircher versus AlphaGenome Spearman rho, RNA_deletions, CELSR2, ALL_FOLDS	0.6030904187507925	Spearman rho	ALL_FOLDS	n=126 edits	outputs/source_data/FigureS5D_RNA_deletions.tsv	verified_from_release_table	
figs5_rna_deletions_fold_0_three_gene_mean_pearson	figs5_kircher_model_exposure	Kircher versus AlphaGenome Pearson r, RNA_deletions, three_gene_mean, FOLD_0	0.6809895343982947	Pearson r	FOLD_0	n=126 edits	outputs/source_data/FigureS5D_RNA_deletions.tsv	verified_from_release_table	
figs5_rna_deletions_fold_0_three_gene_mean_spearman	figs5_kircher_model_exposure	Kircher versus AlphaGenome Spearman rho, RNA_deletions, three_gene_mean, FOLD_0	0.386403043778055	Spearman rho	FOLD_0	n=126 edits	outputs/source_data/FigureS5D_RNA_deletions.tsv	verified_from_release_table	
figs5_rna_deletions_fold_0_sort1_pearson	figs5_kircher_model_exposure	Kircher versus AlphaGenome Pearson r, RNA_deletions, SORT1, FOLD_0	-0.23052049672382913	Pearson r	FOLD_0	n=126 edits	outputs/source_data/FigureS5D_RNA_deletions.tsv	verified_from_release_table	
figs5_rna_deletions_fold_0_sort1_spearman	figs5_kircher_model_exposure	Kircher versus AlphaGenome Spearman rho, RNA_deletions, SORT1, FOLD_0	-0.27999148100657556	Spearman rho	FOLD_0	n=126 edits	outputs/source_data/FigureS5D_RNA_deletions.tsv	verified_from_release_table	
figs5_rna_deletions_fold_0_psrc1_pearson	figs5_kircher_model_exposure	Kircher versus AlphaGenome Pearson r, RNA_deletions, PSRC1, FOLD_0	0.6506392071356133	Pearson r	FOLD_0	n=126 edits	outputs/source_data/FigureS5D_RNA_deletions.tsv	verified_from_release_table	
figs5_rna_deletions_fold_0_psrc1_spearman	figs5_kircher_model_exposure	Kircher versus AlphaGenome Spearman rho, RNA_deletions, PSRC1, FOLD_0	0.4476485895389371	Spearman rho	FOLD_0	n=126 edits	outputs/source_data/FigureS5D_RNA_deletions.tsv	verified_from_release_table	
figs5_rna_deletions_fold_0_celsr2_pearson	figs5_kircher_model_exposure	Kircher versus AlphaGenome Pearson r, RNA_deletions, CELSR2, FOLD_0	0.6950907441548615	Pearson r	FOLD_0	n=126 edits	outputs/source_data/FigureS5D_RNA_deletions.tsv	verified_from_release_table	
figs5_rna_deletions_fold_0_celsr2_spearman	figs5_kircher_model_exposure	Kircher versus AlphaGenome Spearman rho, RNA_deletions, CELSR2, FOLD_0	0.43864180507851586	Spearman rho	FOLD_0	n=126 edits	outputs/source_data/FigureS5D_RNA_deletions.tsv	verified_from_release_table	
figs6_f9_dnase_all_folds_rho	figs6_kircher_matched_heldout	Element-level Spearman rho, F9, DNASE, ALL_FOLDS	0.4738345411492322	Spearman rho	ALL_FOLDS	n=885 substitutions	outputs/source_data/FigureS6_kircher_other_loci/FigureS6C_accessibility_correlation_model_comparison_source.tsv	verified_from_release_table	Default ALL_FOLDS model.
figs6_f9_atac_all_folds_rho	figs6_kircher_matched_heldout	Element-level Spearman rho, F9, ATAC, ALL_FOLDS	0.4765381857403055	Spearman rho	ALL_FOLDS	n=885 substitutions	outputs/source_data/FigureS6_kircher_other_loci/FigureS6C_accessibility_correlation_model_comparison_source.tsv	verified_from_release_table	Default ALL_FOLDS model.
figs6_foxe1_dnase_all_folds_rho	figs6_kircher_matched_heldout	Element-level Spearman rho, FOXE1, DNASE, ALL_FOLDS	0.0454200443674499	Spearman rho	ALL_FOLDS	n=1790 substitutions	outputs/source_data/FigureS6_kircher_other_loci/FigureS6C_accessibility_correlation_model_comparison_source.tsv	verified_from_release_table	Default ALL_FOLDS model.
figs6_ldlr_dnase_all_folds_rho	figs6_kircher_matched_heldout	Element-level Spearman rho, LDLR, DNASE, ALL_FOLDS	0.3361121506554272	Spearman rho	ALL_FOLDS	n=949 substitutions	outputs/source_data/FigureS6_kircher_other_loci/FigureS6C_accessibility_correlation_model_comparison_source.tsv	verified_from_release_table	Default ALL_FOLDS model.
figs6_ldlr_atac_all_folds_rho	figs6_kircher_matched_heldout	Element-level Spearman rho, LDLR, ATAC, ALL_FOLDS	0.3515582144612859	Spearman rho	ALL_FOLDS	n=949 substitutions	outputs/source_data/FigureS6_kircher_other_loci/FigureS6C_accessibility_correlation_model_comparison_source.tsv	verified_from_release_table	Default ALL_FOLDS model.
figs6_myc_rs11986220_dnase_all_folds_rho	figs6_kircher_matched_heldout	Element-level Spearman rho, MYC_rs11986220, DNASE, ALL_FOLDS	0.1720689938008387	Spearman rho	ALL_FOLDS	n=1369 substitutions	outputs/source_data/FigureS6_kircher_other_loci/FigureS6C_accessibility_correlation_model_comparison_source.tsv	verified_from_release_table	Default ALL_FOLDS model.
figs6_pklr_dnase_all_folds_rho	figs6_kircher_matched_heldout	Element-level Spearman rho, PKLR, DNASE, ALL_FOLDS	0.6323839414272215	Spearman rho	ALL_FOLDS	n=1376 substitutions	outputs/source_data/FigureS6_kircher_other_loci/FigureS6C_accessibility_correlation_model_comparison_source.tsv	verified_from_release_table	Default ALL_FOLDS model.
figs6_pklr_atac_all_folds_rho	figs6_kircher_matched_heldout	Element-level Spearman rho, PKLR, ATAC, ALL_FOLDS	0.630794541029482	Spearman rho	ALL_FOLDS	n=1376 substitutions	outputs/source_data/FigureS6_kircher_other_loci/FigureS6C_accessibility_correlation_model_comparison_source.tsv	verified_from_release_table	Default ALL_FOLDS model.
figs6_f9_dnase_matched_held-out_rho	figs6_kircher_matched_heldout	Element-level Spearman rho, F9, DNASE, matched held-out	0.4391630061990016	Spearman rho	matched held-out	n=885 substitutions	outputs/source_data/FigureS6_kircher_other_loci/FigureS6C_accessibility_correlation_model_comparison_source.tsv	verified_from_release_table	Assigned held-out fold: FOLD_0
figs6_f9_atac_matched_held-out_rho	figs6_kircher_matched_heldout	Element-level Spearman rho, F9, ATAC, matched held-out	0.4394891553850343	Spearman rho	matched held-out	n=885 substitutions	outputs/source_data/FigureS6_kircher_other_loci/FigureS6C_accessibility_correlation_model_comparison_source.tsv	verified_from_release_table	Assigned held-out fold: FOLD_0
figs6_foxe1_dnase_matched_held-out_rho	figs6_kircher_matched_heldout	Element-level Spearman rho, FOXE1, DNASE, matched held-out	0.0396212428832937	Spearman rho	matched held-out	n=1790 substitutions	outputs/source_data/FigureS6_kircher_other_loci/FigureS6C_accessibility_correlation_model_comparison_source.tsv	verified_from_release_table	Assigned held-out fold: FOLD_1
figs6_ldlr_dnase_matched_held-out_rho	figs6_kircher_matched_heldout	Element-level Spearman rho, LDLR, DNASE, matched held-out	0.4912140691934656	Spearman rho	matched held-out	n=949 substitutions	outputs/source_data/FigureS6_kircher_other_loci/FigureS6C_accessibility_correlation_model_comparison_source.tsv	verified_from_release_table	Assigned held-out fold: FOLD_3
figs6_ldlr_atac_matched_held-out_rho	figs6_kircher_matched_heldout	Element-level Spearman rho, LDLR, ATAC, matched held-out	0.4460671389941104	Spearman rho	matched held-out	n=949 substitutions	outputs/source_data/FigureS6_kircher_other_loci/FigureS6C_accessibility_correlation_model_comparison_source.tsv	verified_from_release_table	Assigned held-out fold: FOLD_3
figs6_myc_rs11986220_dnase_matched_held-out_rho	figs6_kircher_matched_heldout	Element-level Spearman rho, MYC_rs11986220, DNASE, matched held-out	0.1235223267221984	Spearman rho	matched held-out	n=1369 substitutions	outputs/source_data/FigureS6_kircher_other_loci/FigureS6C_accessibility_correlation_model_comparison_source.tsv	verified_from_release_table	Assigned held-out fold: FOLD_1
figs6_pklr_dnase_matched_held-out_rho	figs6_kircher_matched_heldout	Element-level Spearman rho, PKLR, DNASE, matched held-out	0.5557625982433636	Spearman rho	matched held-out	n=1376 substitutions	outputs/source_data/FigureS6_kircher_other_loci/FigureS6C_accessibility_correlation_model_comparison_source.tsv	verified_from_release_table	Assigned held-out fold: FOLD_2
figs6_pklr_atac_matched_held-out_rho	figs6_kircher_matched_heldout	Element-level Spearman rho, PKLR, ATAC, matched held-out	0.5363426055939476	Spearman rho	matched held-out	n=1376 substitutions	outputs/source_data/FigureS6_kircher_other_loci/FigureS6C_accessibility_correlation_model_comparison_source.tsv	verified_from_release_table	Assigned held-out fold: FOLD_2
figs9a_pearson	figs9_module_transfer_controls	HPA versus AlphaGenome native RNA Pearson r	0.8211075172371303	Pearson r	ALL_FOLDS	n=20006 genes	outputs/source_data/FigureS9_module_transfer_controls/S9A_values.csv	verified_from_release_table	
figs9a_spearman	figs9_module_transfer_controls	HPA versus AlphaGenome native RNA Spearman rho	0.8078653376990608	Spearman rho	ALL_FOLDS	n=20006 genes	outputs/source_data/FigureS9_module_transfer_controls/S9A_values.csv	verified_from_release_table	
figs9d_spearman	figs9_module_transfer_controls	Native RNA versus T_minus_G Spearman rho	0.6372076344169918	Spearman rho	ALL_FOLDS	n=1471 recipients	outputs/source_data/FigureS9_module_transfer_controls/S9D_values.csv	verified_from_release_table	
figs9e_spearman	figs9_module_transfer_controls	Native RNA versus log2_T_over_G Spearman rho	-0.7130475154092843	Spearman rho	ALL_FOLDS	n=1471 recipients	outputs/source_data/FigureS9_module_transfer_controls/S9E_values.csv	verified_from_release_table	
figs10b_spearman	figs10_tissue_replication	ALL_FOLDS versus FOLD_0 tissue-gene Spearman rho	0.7766233766233767	Spearman rho	ALL_FOLDS;FOLD_0	n=21 tissue-gene cells	outputs/source_data/FigureS10_distal_and_tissue_controls/fold0_tissue_matrix.tsv	verified_from_release_table	
